scenario,kind,drop_pct,mote_id,total,dropped,drop_rate,dio_rx,dao_rx,parent_switches,malicious
attack_n50_s5_d90,attack,90,1,2306,0,0.0,129,50,0,0
attack_n50_s5_d90,attack,90,2,844,0,0.0,120,0,1,0
attack_n50_s5_d90,attack,90,4,76,0,0.0,71,0,1,0
attack_n50_s5_d90,attack,90,5,285,0,0.0,84,0,1,0
attack_n50_s5_d90,attack,90,6,73,0,0.0,104,0,1,0
attack_n50_s5_d90,attack,90,7,74,0,0.0,67,0,1,0
attack_n50_s5_d90,attack,90,8,73,0,0.0,48,0,1,0
attack_n50_s5_d90,attack,90,9,190,0,0.0,105,0,1,0
attack_n50_s5_d90,attack,90,10,195,0,0.0,114,0,1,0
attack_n50_s5_d90,attack,90,11,71,0,0.0,44,0,1,0
attack_n50_s5_d90,attack,90,12,76,0,0.0,101,0,1,0
attack_n50_s5_d90,attack,90,13,71,0,0.0,62,0,1,0
attack_n50_s5_d90,attack,90,14,289,0,0.0,70,0,1,0
attack_n50_s5_d90,attack,90,15,73,0,0.0,62,0,1,0
attack_n50_s5_d90,attack,90,16,76,0,0.0,86,0,1,0
attack_n50_s5_d90,attack,90,18,181,0,0.0,71,0,1,0
attack_n50_s5_d90,attack,90,19,70,0,0.0,53,0,1,0
attack_n50_s5_d90,attack,90,20,76,0,0.0,88,0,1,0
attack_n50_s5_d90,attack,90,22,74,0,0.0,118,0,1,0
attack_n50_s5_d90,attack,90,23,80,0,0.0,99,0,1,0
attack_n50_s5_d90,attack,90,24,72,0,0.0,64,0,1,0
attack_n50_s5_d90,attack,90,25,74,0,0.0,66,0,1,0
attack_n50_s5_d90,attack,90,27,73,0,0.0,59,0,1,0
attack_n50_s5_d90,attack,90,29,73,0,0.0,49,0,1,0
attack_n50_s5_d90,attack,90,30,403,0,0.0,166,0,1,0
attack_n50_s5_d90,attack,90,32,75,0,0.0,80,0,1,0
attack_n50_s5_d90,attack,90,33,180,0,0.0,110,0,1,0
attack_n50_s5_d90,attack,90,34,617,0,0.0,68,0,1,0
attack_n50_s5_d90,attack,90,35,979,0,0.0,135,0,1,0
attack_n50_s5_d90,attack,90,36,71,0,0.0,48,0,1,0
attack_n50_s5_d90,attack,90,38,71,0,0.0,36,0,1,0
attack_n50_s5_d90,attack,90,40,73,0,0.0,79,0,1,0
attack_n50_s5_d90,attack,90,41,77,0,0.0,102,0,1,0
attack_n50_s5_d90,attack,90,42,74,0,0.0,115,0,1,0
attack_n50_s5_d90,attack,90,43,72,0,0.0,24,0,1,0
attack_n50_s5_d90,attack,90,44,84,0,0.0,84,0,1,0
attack_n50_s5_d90,attack,90,45,303,0,0.0,144,0,1,0
attack_n50_s5_d90,attack,90,47,72,0,0.0,50,0,1,0
attack_n50_s5_d90,attack,90,48,307,0,0.0,114,0,1,0
attack_n50_s5_d90,attack,90,49,301,0,0.0,136,0,1,0
attack_n50_s5_d90,attack,90,50,77,0,0.0,118,0,1,0
attack_n50_s5_d90,attack,90,51,72,0,0.0,71,0,1,0
attack_n50_s5_d90,attack,90,3,81,73,0.9012345679012346,93,0,13,1
attack_n50_s5_d90,attack,90,17,79,68,0.8607594936708861,87,0,3,1
attack_n50_s5_d90,attack,90,21,97,91,0.9381443298969072,90,0,14,1
attack_n50_s5_d90,attack,90,26,78,73,0.9358974358974359,127,0,1,1
attack_n50_s5_d90,attack,90,28,76,71,0.9342105263157895,106,0,1,1
attack_n50_s5_d90,attack,90,31,96,92,0.9583333333333334,71,0,13,1
attack_n50_s5_d90,attack,90,37,78,69,0.8846153846153846,57,0,4,1
attack_n50_s5_d90,attack,90,39,91,86,0.945054945054945,69,0,7,1
attack_n50_s5_d90,attack,90,46,84,81,0.9642857142857143,50,0,19,1
attack_n20_s2_d60,attack,60,1,981,0,0.0,77,21,0,0
attack_n20_s2_d60,attack,60,2,72,0,0.0,22,0,1,0
attack_n20_s2_d60,attack,60,3,71,0,0.0,25,0,1,0
attack_n20_s2_d60,attack,60,4,399,0,0.0,55,0,1,0
attack_n20_s2_d60,attack,60,5,115,0,0.0,62,0,1,0
attack_n20_s2_d60,attack,60,6,323,0,0.0,73,0,1,0
attack_n20_s2_d60,attack,60,7,76,0,0.0,52,0,1,0
attack_n20_s2_d60,attack,60,8,75,0,0.0,67,0,1,0
attack_n20_s2_d60,attack,60,9,180,0,0.0,30,0,1,0
attack_n20_s2_d60,attack,60,12,70,0,0.0,17,0,1,0
attack_n20_s2_d60,attack,60,14,504,0,0.0,80,0,1,0
attack_n20_s2_d60,attack,60,15,71,0,0.0,26,0,1,0
attack_n20_s2_d60,attack,60,16,74,0,0.0,72,0,1,0
attack_n20_s2_d60,attack,60,17,67,0,0.0,13,0,1,0
attack_n20_s2_d60,attack,60,18,512,0,0.0,64,0,1,0
attack_n20_s2_d60,attack,60,19,284,0,0.0,37,0,1,0
attack_n20_s2_d60,attack,60,20,73,0,0.0,66,0,1,0
attack_n20_s2_d60,attack,60,21,73,0,0.0,21,0,1,0
attack_n20_s2_d60,attack,60,10,73,45,0.6164383561643836,43,0,1,1
attack_n20_s2_d60,attack,60,11,75,37,0.49333333333333335,45,0,1,1
attack_n20_s2_d60,attack,60,13,146,86,0.589041095890411,60,0,1,1
attack_n100_s4_d30,attack,30,1,5290,0,0.0,294,111,0,0
attack_n100_s4_d30,attack,30,2,75,0,0.0,159,0,1,0
attack_n100_s4_d30,attack,30,3,73,0,0.0,172,0,1,0
attack_n100_s4_d30,attack,30,4,76,0,0.0,136,0,1,0
attack_n100_s4_d30,attack,30,5,182,0,0.0,154,0,1,0
attack_n100_s4_d30,attack,30,8,74,0,0.0,189,0,1,0
attack_n100_s4_d30,attack,30,9,93,0,0.0,198,0,1,0
attack_n100_s4_d30,attack,30,11,73,0,0.0,154,0,1,0
attack_n100_s4_d30,attack,30,12,72,0,0.0,67,0,1,0
attack_n100_s4_d30,attack,30,13,74,0,0.0,150,0,1,0
attack_n100_s4_d30,attack,30,14,75,0,0.0,161,0,1,0
attack_n100_s4_d30,attack,30,15,75,0,0.0,170,0,1,0
attack_n100_s4_d30,attack,30,16,74,0,0.0,161,0,1,0
attack_n100_s4_d30,attack,30,17,166,0,0.0,116,0,1,0
attack_n100_s4_d30,attack,30,18,978,0,0.0,269,0,1,0
attack_n100_s4_d30,attack,30,19,154,0,0.0,215,0,1,0
attack_n100_s4_d30,attack,30,20,72,0,0.0,149,0,1,0
attack_n100_s4_d30,attack,30,21,80,0,0.0,124,0,1,0
attack_n100_s4_d30,attack,30,23,1013,0,0.0,232,0,1,0
attack_n100_s4_d30,attack,30,24,74,0,0.0,167,0,1,0
attack_n100_s4_d30,attack,30,25,75,0,0.0,142,0,1,0
attack_n100_s4_d30,attack,30,26,74,0,0.0,208,0,1,0
attack_n100_s4_d30,attack,30,27,74,0,0.0,220,0,1,0
attack_n100_s4_d30,attack,30,28,75,0,0.0,177,0,1,0
attack_n100_s4_d30,attack,30,29,71,0,0.0,106,0,1,0
attack_n100_s4_d30,attack,30,30,72,0,0.0,116,0,1,0
attack_n100_s4_d30,attack,30,31,76,0,0.0,169,0,1,0
attack_n100_s4_d30,attack,30,34,74,0,0.0,208,0,1,0
attack_n100_s4_d30,attack,30,35,71,0,0.0,105,0,1,0
attack_n100_s4_d30,attack,30,36,162,0,0.0,217,0,1,0
attack_n100_s4_d30,attack,30,37,76,0,0.0,188,0,1,0
attack_n100_s4_d30,attack,30,38,74,0,0.0,157,0,1,0
attack_n100_s4_d30,attack,30,40,186,0,0.0,177,0,1,0
attack_n100_s4_d30,attack,30,41,76,0,0.0,110,0,1,0
attack_n100_s4_d30,attack,30,42,75,0,0.0,150,0,1,0
attack_n100_s4_d30,attack,30,43,75,0,0.0,220,0,1,0
attack_n100_s4_d30,attack,30,44,478,0,0.0,266,0,1,0
attack_n100_s4_d30,attack,30,46,1347,0,0.0,238,0,1,0
attack_n100_s4_d30,attack,30,48,75,0,0.0,100,0,1,0
attack_n100_s4_d30,attack,30,49,74,0,0.0,89,0,1,0
attack_n100_s4_d30,attack,30,51,73,0,0.0,117,0,1,0
attack_n100_s4_d30,attack,30,52,73,0,0.0,148,0,1,0
attack_n100_s4_d30,attack,30,53,73,0,0.0,148,0,1,0
attack_n100_s4_d30,attack,30,54,73,0,0.0,84,0,1,0
attack_n100_s4_d30,attack,30,55,75,0,0.0,167,0,1,0
attack_n100_s4_d30,attack,30,56,75,0,0.0,190,0,1,0
attack_n100_s4_d30,attack,30,57,70,0,0.0,158,0,1,0
attack_n100_s4_d30,attack,30,58,72,0,0.0,62,0,1,0
attack_n100_s4_d30,attack,30,59,76,0,0.0,145,0,2,0
attack_n100_s4_d30,attack,30,60,71,0,0.0,144,0,1,0
attack_n100_s4_d30,attack,30,61,972,0,0.0,275,0,1,0
attack_n100_s4_d30,attack,30,62,71,0,0.0,152,0,1,0
attack_n100_s4_d30,attack,30,63,75,0,0.0,151,0,1,0
attack_n100_s4_d30,attack,30,64,71,0,0.0,141,0,1,0
attack_n100_s4_d30,attack,30,65,73,0,0.0,141,0,1,0
attack_n100_s4_d30,attack,30,66,73,0,0.0,159,0,1,0
attack_n100_s4_d30,attack,30,67,72,0,0.0,126,0,1,0
attack_n100_s4_d30,attack,30,68,73,0,0.0,55,0,1,0
attack_n100_s4_d30,attack,30,70,72,0,0.0,120,0,1,0
attack_n100_s4_d30,attack,30,71,675,0,0.0,269,0,1,0
attack_n100_s4_d30,attack,30,74,73,0,0.0,137,0,1,0
attack_n100_s4_d30,attack,30,75,403,0,0.0,253,0,1,0
attack_n100_s4_d30,attack,30,76,73,0,0.0,131,0,1,0
attack_n100_s4_d30,attack,30,77,73,0,0.0,83,0,1,0
attack_n100_s4_d30,attack,30,78,73,0,0.0,205,0,1,0
attack_n100_s4_d30,attack,30,80,142,0,0.0,132,0,1,0
attack_n100_s4_d30,attack,30,81,76,0,0.0,191,0,1,0
attack_n100_s4_d30,attack,30,82,71,0,0.0,78,0,1,0
attack_n100_s4_d30,attack,30,83,74,0,0.0,133,0,1,0
attack_n100_s4_d30,attack,30,84,79,0,0.0,167,0,1,0
attack_n100_s4_d30,attack,30,85,75,0,0.0,139,0,1,0
attack_n100_s4_d30,attack,30,88,76,0,0.0,179,0,1,0
attack_n100_s4_d30,attack,30,89,74,0,0.0,163,0,1,0
attack_n100_s4_d30,attack,30,90,73,0,0.0,156,0,1,0
attack_n100_s4_d30,attack,30,91,71,0,0.0,88,0,1,0
attack_n100_s4_d30,attack,30,92,71,0,0.0,112,0,1,0
attack_n100_s4_d30,attack,30,93,730,0,0.0,183,0,1,0
attack_n100_s4_d30,attack,30,94,1036,0,0.0,268,0,1,0
attack_n100_s4_d30,attack,30,96,75,0,0.0,228,0,1,0
attack_n100_s4_d30,attack,30,98,152,0,0.0,224,0,1,0
attack_n100_s4_d30,attack,30,99,71,0,0.0,60,0,1,0
attack_n100_s4_d30,attack,30,100,70,0,0.0,86,0,1,0
attack_n100_s4_d30,attack,30,101,79,0,0.0,77,0,3,0
attack_n100_s4_d30,attack,30,6,76,26,0.34210526315789475,146,0,3,1
attack_n100_s4_d30,attack,30,7,75,24,0.32,109,0,1,1
attack_n100_s4_d30,attack,30,10,73,22,0.3013698630136986,164,0,1,1
attack_n100_s4_d30,attack,30,22,74,23,0.3108108108108108,150,0,1,1
attack_n100_s4_d30,attack,30,32,76,23,0.3026315789473684,204,0,1,1
attack_n100_s4_d30,attack,30,33,74,24,0.32432432432432434,115,0,1,1
attack_n100_s4_d30,attack,30,39,75,19,0.25333333333333335,136,0,1,1
attack_n100_s4_d30,attack,30,45,72,13,0.18055555555555555,69,0,1,1
attack_n100_s4_d30,attack,30,47,75,24,0.32,109,0,1,1
attack_n100_s4_d30,attack,30,50,73,23,0.3150684931506849,155,0,1,1
attack_n100_s4_d30,attack,30,69,73,14,0.1917808219178082,177,0,1,1
attack_n100_s4_d30,attack,30,72,76,20,0.2631578947368421,145,0,1,1
attack_n100_s4_d30,attack,30,73,76,27,0.35526315789473684,251,0,1,1
attack_n100_s4_d30,attack,30,79,72,18,0.25,158,0,1,1
attack_n100_s4_d30,attack,30,86,74,27,0.36486486486486486,206,0,1,1
attack_n100_s4_d30,attack,30,87,72,25,0.3472222222222222,99,0,1,1
attack_n100_s4_d30,attack,30,95,75,18,0.24,213,0,1,1
attack_n100_s4_d30,attack,30,97,76,29,0.3815789473684211,183,0,1,1
attack_n20_s5_d60,attack,60,1,884,0,0.0,41,33,0,0
attack_n20_s5_d60,attack,60,2,559,0,0.0,62,0,1,0
attack_n20_s5_d60,attack,60,3,180,0,0.0,38,0,1,0
attack_n20_s5_d60,attack,60,4,74,0,0.0,48,0,1,0
attack_n20_s5_d60,attack,60,5,70,0,0.0,17,0,1,0
attack_n20_s5_d60,attack,60,6,72,0,0.0,32,0,1,0
attack_n20_s5_d60,attack,60,7,72,0,0.0,22,0,1,0
attack_n20_s5_d60,attack,60,8,837,0,0.0,58,0,1,0
attack_n20_s5_d60,attack,60,9,73,0,0.0,34,0,1,0
attack_n20_s5_d60,attack,60,12,70,0,0.0,17,0,1,0
attack_n20_s5_d60,attack,60,14,204,0,0.0,33,0,3,0
attack_n20_s5_d60,attack,60,15,74,0,0.0,40,0,1,0
attack_n20_s5_d60,attack,60,16,181,0,0.0,37,0,1,0
attack_n20_s5_d60,attack,60,17,71,0,0.0,37,0,1,0
attack_n20_s5_d60,attack,60,18,122,0,0.0,24,0,1,0
attack_n20_s5_d60,attack,60,19,284,0,0.0,29,0,1,0
attack_n20_s5_d60,attack,60,20,72,0,0.0,24,0,1,0
attack_n20_s5_d60,attack,60,21,79,0,0.0,24,0,6,0
attack_n20_s5_d60,attack,60,10,310,196,0.632258064516129,50,0,1,1
attack_n20_s5_d60,attack,60,11,82,49,0.5975609756097561,35,0,25,1
attack_n20_s5_d60,attack,60,13,72,39,0.5416666666666666,35,0,1,1
attack_n50_s2_d60,attack,60,1,2474,0,0.0,180,51,0,0
attack_n50_s2_d60,attack,60,2,74,0,0.0,55,0,1,0
attack_n50_s2_d60,attack,60,4,74,0,0.0,42,0,1,0
attack_n50_s2_d60,attack,60,5,73,0,0.0,109,0,1,0
attack_n50_s2_d60,attack,60,6,866,0,0.0,177,0,1,0
attack_n50_s2_d60,attack,60,7,175,0,0.0,154,0,1,0
attack_n50_s2_d60,attack,60,8,77,0,0.0,107,0,1,0
attack_n50_s2_d60,attack,60,9,73,0,0.0,126,0,1,0
attack_n50_s2_d60,attack,60,10,72,0,0.0,82,0,1,0
attack_n50_s2_d60,attack,60,11,72,0,0.0,84,0,1,0
attack_n50_s2_d60,attack,60,12,74,0,0.0,120,0,1,0
attack_n50_s2_d60,attack,60,13,72,0,0.0,38,0,1,0
attack_n50_s2_d60,attack,60,14,183,0,0.0,145,0,1,0
attack_n50_s2_d60,attack,60,15,71,0,0.0,61,0,1,0
attack_n50_s2_d60,attack,60,16,76,0,0.0,115,0,1,0
attack_n50_s2_d60,attack,60,18,74,0,0.0,44,0,1,0
attack_n50_s2_d60,attack,60,19,75,0,0.0,92,0,1,0
attack_n50_s2_d60,attack,60,20,72,0,0.0,77,0,1,0
attack_n50_s2_d60,attack,60,22,75,0,0.0,94,0,1,0
attack_n50_s2_d60,attack,60,23,72,0,0.0,105,0,1,0
attack_n50_s2_d60,attack,60,24,72,0,0.0,105,0,1,0
attack_n50_s2_d60,attack,60,25,72,0,0.0,127,0,1,0
attack_n50_s2_d60,attack,60,27,72,0,0.0,54,0,1,0
attack_n50_s2_d60,attack,60,29,73,0,0.0,62,0,1,0
attack_n50_s2_d60,attack,60,30,296,0,0.0,181,0,1,0
attack_n50_s2_d60,attack,60,32,74,0,0.0,115,0,1,0
attack_n50_s2_d60,attack,60,33,80,0,0.0,88,0,3,0
attack_n50_s2_d60,attack,60,34,828,0,0.0,166,0,1,0
attack_n50_s2_d60,attack,60,35,72,0,0.0,57,0,1,0
attack_n50_s2_d60,attack,60,36,72,0,0.0,108,0,1,0
attack_n50_s2_d60,attack,60,38,73,0,0.0,119,0,1,0
attack_n50_s2_d60,attack,60,40,295,0,0.0,185,0,1,0
attack_n50_s2_d60,attack,60,41,110,0,0.0,92,0,1,0
attack_n50_s2_d60,attack,60,42,72,0,0.0,91,0,1,0
attack_n50_s2_d60,attack,60,43,73,0,0.0,87,0,1,0
attack_n50_s2_d60,attack,60,44,72,0,0.0,64,0,1,0
attack_n50_s2_d60,attack,60,45,73,0,0.0,72,0,1,0
attack_n50_s2_d60,attack,60,47,74,0,0.0,100,0,1,0
attack_n50_s2_d60,attack,60,48,677,0,0.0,195,0,1,0
attack_n50_s2_d60,attack,60,49,404,0,0.0,108,0,1,0
attack_n50_s2_d60,attack,60,50,72,0,0.0,89,0,1,0
attack_n50_s2_d60,attack,60,51,73,0,0.0,80,0,1,0
attack_n50_s2_d60,attack,60,3,72,36,0.5,110,0,1,1
attack_n50_s2_d60,attack,60,17,71,39,0.5492957746478874,85,0,1,1
attack_n50_s2_d60,attack,60,21,75,47,0.6266666666666667,65,0,1,1
attack_n50_s2_d60,attack,60,26,74,48,0.6486486486486487,168,0,1,1
attack_n50_s2_d60,attack,60,28,72,36,0.5,58,0,1,1
attack_n50_s2_d60,attack,60,31,72,47,0.6527777777777778,20,0,1,1
attack_n50_s2_d60,attack,60,37,76,51,0.6710526315789473,81,0,1,1
attack_n50_s2_d60,attack,60,39,76,44,0.5789473684210527,59,0,3,1
attack_n50_s2_d60,attack,60,46,82,52,0.6341463414634146,149,0,1,1
attack_n50_s3_d30,attack,30,1,2625,0,0.0,144,50,0,0
attack_n50_s3_d30,attack,30,2,184,0,0.0,83,0,1,0
attack_n50_s3_d30,attack,30,4,294,0,0.0,87,0,1,0
attack_n50_s3_d30,attack,30,5,74,0,0.0,117,0,1,0
attack_n50_s3_d30,attack,30,6,72,0,0.0,27,0,1,0
attack_n50_s3_d30,attack,30,7,267,0,0.0,69,0,1,0
attack_n50_s3_d30,attack,30,8,73,0,0.0,57,0,1,0
attack_n50_s3_d30,attack,30,9,73,0,0.0,95,0,1,0
attack_n50_s3_d30,attack,30,10,76,0,0.0,105,0,1,0
attack_n50_s3_d30,attack,30,11,75,0,0.0,104,0,1,0
attack_n50_s3_d30,attack,30,12,75,0,0.0,135,0,1,0
attack_n50_s3_d30,attack,30,13,74,0,0.0,90,0,1,0
attack_n50_s3_d30,attack,30,14,830,0,0.0,143,0,1,0
attack_n50_s3_d30,attack,30,15,74,0,0.0,63,0,1,0
attack_n50_s3_d30,attack,30,16,75,0,0.0,72,0,1,0
attack_n50_s3_d30,attack,30,18,502,0,0.0,108,0,1,0
attack_n50_s3_d30,attack,30,19,76,0,0.0,100,0,1,0
attack_n50_s3_d30,attack,30,20,452,0,0.0,121,0,1,0
attack_n50_s3_d30,attack,30,22,72,0,0.0,68,0,1,0
attack_n50_s3_d30,attack,30,23,73,0,0.0,101,0,1,0
attack_n50_s3_d30,attack,30,24,73,0,0.0,49,0,1,0
attack_n50_s3_d30,attack,30,25,72,0,0.0,70,0,1,0
attack_n50_s3_d30,attack,30,27,73,0,0.0,176,0,1,0
attack_n50_s3_d30,attack,30,29,377,0,0.0,153,0,1,0
attack_n50_s3_d30,attack,30,30,74,0,0.0,62,0,1,0
attack_n50_s3_d30,attack,30,32,73,0,0.0,86,0,1,0
attack_n50_s3_d30,attack,30,33,71,0,0.0,92,0,1,0
attack_n50_s3_d30,attack,30,34,73,0,0.0,63,0,1,0
attack_n50_s3_d30,attack,30,35,71,0,0.0,105,0,1,0
attack_n50_s3_d30,attack,30,36,71,0,0.0,57,0,1,0
attack_n50_s3_d30,attack,30,38,72,0,0.0,56,0,1,0
attack_n50_s3_d30,attack,30,40,73,0,0.0,117,0,1,0
attack_n50_s3_d30,attack,30,41,77,0,0.0,105,0,1,0
attack_n50_s3_d30,attack,30,42,72,0,0.0,68,0,1,0
attack_n50_s3_d30,attack,30,43,72,0,0.0,61,0,1,0
attack_n50_s3_d30,attack,30,44,73,0,0.0,57,0,1,0
attack_n50_s3_d30,attack,30,45,187,0,0.0,129,0,1,0
attack_n50_s3_d30,attack,30,47,250,0,0.0,105,0,1,0
attack_n50_s3_d30,attack,30,48,74,0,0.0,84,0,1,0
attack_n50_s3_d30,attack,30,49,75,0,0.0,108,0,1,0
attack_n50_s3_d30,attack,30,50,1867,0,0.0,228,0,1,0
attack_n50_s3_d30,attack,30,51,73,0,0.0,52,0,1,0
attack_n50_s3_d30,attack,30,3,73,23,0.3150684931506849,81,0,1,1
attack_n50_s3_d30,attack,30,17,73,15,0.2054794520547945,86,0,1,1
attack_n50_s3_d30,attack,30,21,76,23,0.3026315789473684,109,0,1,1
attack_n50_s3_d30,attack,30,26,74,28,0.3783783783783784,77,0,1,1
attack_n50_s3_d30,attack,30,28,75,26,0.3466666666666667,115,0,1,1
attack_n50_s3_d30,attack,30,31,73,27,0.3698630136986301,28,0,1,1
attack_n50_s3_d30,attack,30,37,76,22,0.2894736842105263,67,0,1,1
attack_n50_s3_d30,attack,30,39,72,19,0.2638888888888889,102,0,1,1
attack_n50_s3_d30,attack,30,46,75,33,0.44,88,0,1,1
attack_n100_s5_d60,attack,60,1,4978,0,0.0,374,111,0,0
attack_n100_s5_d60,attack,60,2,294,0,0.0,275,0,1,0
attack_n100_s5_d60,attack,60,3,73,0,0.0,182,0,1,0
attack_n100_s5_d60,attack,60,4,74,0,0.0,203,0,1,0
attack_n100_s5_d60,attack,60,5,73,0,0.0,132,0,1,0
attack_n100_s5_d60,attack,60,8,77,0,0.0,166,0,1,0
attack_n100_s5_d60,attack,60,9,71,0,0.0,58,0,1,0
attack_n100_s5_d60,attack,60,11,1095,0,0.0,212,0,1,0
attack_n100_s5_d60,attack,60,12,75,0,0.0,266,0,1,0
attack_n100_s5_d60,attack,60,13,71,0,0.0,93,0,1,0
attack_n100_s5_d60,attack,60,14,73,0,0.0,175,0,1,0
attack_n100_s5_d60,attack,60,15,73,0,0.0,82,0,1,0
attack_n100_s5_d60,attack,60,16,177,0,0.0,88,0,1,0
attack_n100_s5_d60,attack,60,17,181,0,0.0,121,0,1,0
attack_n100_s5_d60,attack,60,18,73,0,0.0,102,0,1,0
attack_n100_s5_d60,attack,60,19,75,0,0.0,168,0,1,0
attack_n100_s5_d60,attack,60,20,77,0,0.0,148,0,1,0
attack_n100_s5_d60,attack,60,21,74,0,0.0,152,0,1,0
attack_n100_s5_d60,attack,60,23,408,0,0.0,344,0,1,0
attack_n100_s5_d60,attack,60,24,72,0,0.0,144,0,1,0
attack_n100_s5_d60,attack,60,25,75,0,0.0,194,0,1,0
attack_n100_s5_d60,attack,60,26,73,0,0.0,105,0,1,0
attack_n100_s5_d60,attack,60,27,73,0,0.0,140,0,1,0
attack_n100_s5_d60,attack,60,28,74,0,0.0,95,0,1,0
attack_n100_s5_d60,attack,60,29,673,0,0.0,279,0,1,0
attack_n100_s5_d60,attack,60,30,73,0,0.0,107,0,1,0
attack_n100_s5_d60,attack,60,31,248,0,0.0,217,0,1,0
attack_n100_s5_d60,attack,60,34,292,0,0.0,187,0,1,0
attack_n100_s5_d60,attack,60,35,944,0,0.0,310,0,1,0
attack_n100_s5_d60,attack,60,36,75,0,0.0,83,0,1,0
attack_n100_s5_d60,attack,60,37,71,0,0.0,40,0,1,0
attack_n100_s5_d60,attack,60,38,82,0,0.0,216,0,4,0
attack_n100_s5_d60,attack,60,40,74,0,0.0,133,0,1,0
attack_n100_s5_d60,attack,60,41,78,0,0.0,278,0,1,0
attack_n100_s5_d60,attack,60,42,72,0,0.0,54,0,1,0
attack_n100_s5_d60,attack,60,43,73,0,0.0,126,0,1,0
attack_n100_s5_d60,attack,60,44,73,0,0.0,206,0,1,0
attack_n100_s5_d60,attack,60,46,74,0,0.0,171,0,1,0
attack_n100_s5_d60,attack,60,48,511,0,0.0,231,0,1,0
attack_n100_s5_d60,attack,60,49,121,0,0.0,276,0,1,0
attack_n100_s5_d60,attack,60,51,75,0,0.0,168,0,1,0
attack_n100_s5_d60,attack,60,52,80,0,0.0,214,0,3,0
attack_n100_s5_d60,attack,60,53,71,0,0.0,98,0,1,0
attack_n100_s5_d60,attack,60,54,73,0,0.0,144,0,1,0
attack_n100_s5_d60,attack,60,55,77,0,0.0,231,0,1,0
attack_n100_s5_d60,attack,60,56,72,0,0.0,212,0,1,0
attack_n100_s5_d60,attack,60,57,181,0,0.0,199,0,1,0
attack_n100_s5_d60,attack,60,58,182,0,0.0,152,0,1,0
attack_n100_s5_d60,attack,60,59,75,0,0.0,119,0,1,0
attack_n100_s5_d60,attack,60,60,74,0,0.0,200,0,1,0
attack_n100_s5_d60,attack,60,61,74,0,0.0,93,0,1,0
attack_n100_s5_d60,attack,60,62,72,0,0.0,87,0,1,0
attack_n100_s5_d60,attack,60,63,187,0,0.0,206,0,1,0
attack_n100_s5_d60,attack,60,64,182,0,0.0,287,0,1,0
attack_n100_s5_d60,attack,60,65,76,0,0.0,194,0,1,0
attack_n100_s5_d60,attack,60,66,71,0,0.0,108,0,1,0
attack_n100_s5_d60,attack,60,67,72,0,0.0,138,0,1,0
attack_n100_s5_d60,attack,60,68,73,0,0.0,85,0,1,0
attack_n100_s5_d60,attack,60,70,79,0,0.0,189,0,2,0
attack_n100_s5_d60,attack,60,71,287,0,0.0,259,0,1,0
attack_n100_s5_d60,attack,60,74,73,0,0.0,147,0,1,0
attack_n100_s5_d60,attack,60,75,74,0,0.0,147,0,1,0
attack_n100_s5_d60,attack,60,76,74,0,0.0,228,0,1,0
attack_n100_s5_d60,attack,60,77,73,0,0.0,144,0,1,0
attack_n100_s5_d60,attack,60,78,73,0,0.0,80,0,1,0
attack_n100_s5_d60,attack,60,80,188,0,0.0,330,0,1,0
attack_n100_s5_d60,attack,60,81,75,0,0.0,165,0,1,0
attack_n100_s5_d60,attack,60,82,74,0,0.0,135,0,1,0
attack_n100_s5_d60,attack,60,83,73,0,0.0,193,0,1,0
attack_n100_s5_d60,attack,60,84,77,0,0.0,142,0,1,0
attack_n100_s5_d60,attack,60,85,75,0,0.0,197,0,1,0
attack_n100_s5_d60,attack,60,88,73,0,0.0,132,0,1,0
attack_n100_s5_d60,attack,60,89,73,0,0.0,209,0,1,0
attack_n100_s5_d60,attack,60,90,190,0,0.0,271,0,1,0
attack_n100_s5_d60,attack,60,91,602,0,0.0,292,0,1,0
attack_n100_s5_d60,attack,60,92,805,0,0.0,327,0,1,0
attack_n100_s5_d60,attack,60,93,181,0,0.0,270,0,1,0
attack_n100_s5_d60,attack,60,94,74,0,0.0,256,0,1,0
attack_n100_s5_d60,attack,60,96,78,0,0.0,254,0,1,0
attack_n100_s5_d60,attack,60,98,71,0,0.0,162,0,1,0
attack_n100_s5_d60,attack,60,99,77,0,0.0,270,0,1,0
attack_n100_s5_d60,attack,60,100,73,0,0.0,117,0,1,0
attack_n100_s5_d60,attack,60,101,292,0,0.0,283,0,1,0
attack_n100_s5_d60,attack,60,6,76,52,0.6842105263157895,297,0,1,1
attack_n100_s5_d60,attack,60,7,78,52,0.6666666666666666,272,0,1,1
attack_n100_s5_d60,attack,60,10,77,47,0.6103896103896104,280,0,1,1
attack_n100_s5_d60,attack,60,22,75,48,0.64,229,0,1,1
attack_n100_s5_d60,attack,60,32,77,44,0.5714285714285714,224,0,1,1
attack_n100_s5_d60,attack,60,33,85,55,0.6470588235294118,228,0,4,1
attack_n100_s5_d60,attack,60,39,80,50,0.625,122,0,4,1
attack_n100_s5_d60,attack,60,45,78,42,0.5384615384615384,263,0,1,1
attack_n100_s5_d60,attack,60,47,72,38,0.5277777777777778,155,0,1,1
attack_n100_s5_d60,attack,60,50,74,50,0.6756756756756757,78,0,1,1
attack_n100_s5_d60,attack,60,69,90,52,0.5777777777777777,307,0,1,1
attack_n100_s5_d60,attack,60,72,73,39,0.5342465753424658,95,0,1,1
attack_n100_s5_d60,attack,60,73,77,49,0.6363636363636364,223,0,1,1
attack_n100_s5_d60,attack,60,79,79,52,0.6582278481012658,233,0,1,1
attack_n100_s5_d60,attack,60,86,77,44,0.5714285714285714,264,0,1,1
attack_n100_s5_d60,attack,60,87,87,56,0.6436781609195402,271,0,6,1
attack_n100_s5_d60,attack,60,95,71,32,0.4507042253521127,90,0,1,1
attack_n100_s5_d60,attack,60,97,79,47,0.5949367088607594,288,0,1,1
attack_n50_s5_d30,attack,30,1,2474,0,0.0,130,52,0,0
attack_n50_s5_d30,attack,30,2,795,0,0.0,133,0,1,0
attack_n50_s5_d30,attack,30,4,74,0,0.0,81,0,1,0
attack_n50_s5_d30,attack,30,5,177,0,0.0,91,0,1,0
attack_n50_s5_d30,attack,30,6,74,0,0.0,95,0,1,0
attack_n50_s5_d30,attack,30,7,70,0,0.0,64,0,1,0
attack_n50_s5_d30,attack,30,8,74,0,0.0,44,0,1,0
attack_n50_s5_d30,attack,30,9,74,0,0.0,108,0,1,0
attack_n50_s5_d30,attack,30,10,373,0,0.0,126,0,1,0
attack_n50_s5_d30,attack,30,11,71,0,0.0,66,0,1,0
attack_n50_s5_d30,attack,30,12,71,0,0.0,87,0,1,0
attack_n50_s5_d30,attack,30,13,74,0,0.0,61,0,1,0
attack_n50_s5_d30,attack,30,14,74,0,0.0,64,0,1,0
attack_n50_s5_d30,attack,30,15,71,0,0.0,74,0,1,0
attack_n50_s5_d30,attack,30,16,72,0,0.0,66,0,1,0
attack_n50_s5_d30,attack,30,18,72,0,0.0,92,0,1,0
attack_n50_s5_d30,attack,30,19,71,0,0.0,60,0,1,0
attack_n50_s5_d30,attack,30,20,71,0,0.0,68,0,1,0
attack_n50_s5_d30,attack,30,22,74,0,0.0,118,0,1,0
attack_n50_s5_d30,attack,30,23,74,0,0.0,78,0,1,0
attack_n50_s5_d30,attack,30,24,73,0,0.0,77,0,1,0
attack_n50_s5_d30,attack,30,25,149,0,0.0,61,0,1,0
attack_n50_s5_d30,attack,30,27,73,0,0.0,85,0,1,0
attack_n50_s5_d30,attack,30,29,73,0,0.0,70,0,1,0
attack_n50_s5_d30,attack,30,30,406,0,0.0,146,0,1,0
attack_n50_s5_d30,attack,30,32,73,0,0.0,66,0,1,0
attack_n50_s5_d30,attack,30,33,183,0,0.0,137,0,1,0
attack_n50_s5_d30,attack,30,34,72,0,0.0,70,0,1,0
attack_n50_s5_d30,attack,30,35,966,0,0.0,142,0,1,0
attack_n50_s5_d30,attack,30,36,150,0,0.0,57,0,1,0
attack_n50_s5_d30,attack,30,38,70,0,0.0,37,0,1,0
attack_n50_s5_d30,attack,30,40,179,0,0.0,94,0,1,0
attack_n50_s5_d30,attack,30,41,74,0,0.0,85,0,1,0
attack_n50_s5_d30,attack,30,42,74,0,0.0,107,0,1,0
attack_n50_s5_d30,attack,30,43,72,0,0.0,44,0,1,0
attack_n50_s5_d30,attack,30,44,72,0,0.0,61,0,1,0
attack_n50_s5_d30,attack,30,45,375,0,0.0,120,0,1,0
attack_n50_s5_d30,attack,30,47,71,0,0.0,59,0,1,0
attack_n50_s5_d30,attack,30,48,419,0,0.0,134,0,1,0
attack_n50_s5_d30,attack,30,49,364,0,0.0,139,0,1,0
attack_n50_s5_d30,attack,30,50,73,0,0.0,93,0,1,0
attack_n50_s5_d30,attack,30,51,71,0,0.0,80,0,1,0
attack_n50_s5_d30,attack,30,3,71,19,0.2676056338028169,64,0,1,1
attack_n50_s5_d30,attack,30,17,75,27,0.36,102,0,1,1
attack_n50_s5_d30,attack,30,21,75,22,0.29333333333333333,94,0,1,1
attack_n50_s5_d30,attack,30,26,76,28,0.3684210526315789,111,0,1,1
attack_n50_s5_d30,attack,30,28,820,264,0.32195121951219513,139,0,1,1
attack_n50_s5_d30,attack,30,31,76,22,0.2894736842105263,94,0,1,1
attack_n50_s5_d30,attack,30,37,76,22,0.2894736842105263,80,0,1,1
attack_n50_s5_d30,attack,30,39,73,25,0.3424657534246575,83,0,1,1
attack_n50_s5_d30,attack,30,46,166,47,0.28313253012048195,70,0,1,1
attack_n100_s2_d30,attack,30,1,5069,0,0.0,332,105,0,0
attack_n100_s2_d30,attack,30,2,75,0,0.0,83,0,1,0
attack_n100_s2_d30,attack,30,3,74,0,0.0,95,0,1,0
attack_n100_s2_d30,attack,30,4,73,0,0.0,137,0,1,0
attack_n100_s2_d30,attack,30,5,77,0,0.0,237,0,1,0
attack_n100_s2_d30,attack,30,8,182,0,0.0,239,0,1,0
attack_n100_s2_d30,attack,30,9,73,0,0.0,180,0,1,0
attack_n100_s2_d30,attack,30,11,74,0,0.0,241,0,1,0
attack_n100_s2_d30,attack,30,12,74,0,0.0,125,0,1,0
attack_n100_s2_d30,attack,30,13,74,0,0.0,118,0,1,0
attack_n100_s2_d30,attack,30,14,255,0,0.0,226,0,1,0
attack_n100_s2_d30,attack,30,15,71,0,0.0,92,0,1,0
attack_n100_s2_d30,attack,30,16,185,0,0.0,269,0,1,0
attack_n100_s2_d30,attack,30,17,70,0,0.0,123,0,1,0
attack_n100_s2_d30,attack,30,18,77,0,0.0,233,0,1,0
attack_n100_s2_d30,attack,30,19,71,0,0.0,115,0,1,0
attack_n100_s2_d30,attack,30,20,73,0,0.0,156,0,1,0
attack_n100_s2_d30,attack,30,21,70,0,0.0,102,0,1,0
attack_n100_s2_d30,attack,30,23,76,0,0.0,203,0,1,0
attack_n100_s2_d30,attack,30,24,73,0,0.0,138,0,1,0
attack_n100_s2_d30,attack,30,25,73,0,0.0,144,0,1,0
attack_n100_s2_d30,attack,30,26,76,0,0.0,191,0,1,0
attack_n100_s2_d30,attack,30,27,70,0,0.0,107,0,1,0
attack_n100_s2_d30,attack,30,28,76,0,0.0,123,0,1,0
attack_n100_s2_d30,attack,30,29,1597,0,0.0,274,0,1,0
attack_n100_s2_d30,attack,30,30,73,0,0.0,197,0,1,0
attack_n100_s2_d30,attack,30,31,76,0,0.0,133,0,1,0
attack_n100_s2_d30,attack,30,34,73,0,0.0,211,0,1,0
attack_n100_s2_d30,attack,30,35,73,0,0.0,116,0,1,0
attack_n100_s2_d30,attack,30,36,75,0,0.0,188,0,1,0
attack_n100_s2_d30,attack,30,37,73,0,0.0,135,0,1,0
attack_n100_s2_d30,attack,30,38,74,0,0.0,265,0,1,0
attack_n100_s2_d30,attack,30,40,297,0,0.0,246,0,1,0
attack_n100_s2_d30,attack,30,41,75,0,0.0,194,0,1,0
attack_n100_s2_d30,attack,30,42,72,0,0.0,148,0,1,0
attack_n100_s2_d30,attack,30,43,72,0,0.0,133,0,1,0
attack_n100_s2_d30,attack,30,44,72,0,0.0,111,0,1,0
attack_n100_s2_d30,attack,30,46,74,0,0.0,191,0,1,0
attack_n100_s2_d30,attack,30,48,74,0,0.0,236,0,1,0
attack_n100_s2_d30,attack,30,49,258,0,0.0,224,0,1,0
attack_n100_s2_d30,attack,30,51,75,0,0.0,124,0,1,0
attack_n100_s2_d30,attack,30,52,73,0,0.0,163,0,1,0
attack_n100_s2_d30,attack,30,53,74,0,0.0,133,0,1,0
attack_n100_s2_d30,attack,30,54,72,0,0.0,150,0,1,0
attack_n100_s2_d30,attack,30,55,73,0,0.0,144,0,1,0
attack_n100_s2_d30,attack,30,56,76,0,0.0,272,0,1,0
attack_n100_s2_d30,attack,30,57,72,0,0.0,119,0,1,0
attack_n100_s2_d30,attack,30,58,71,0,0.0,120,0,1,0
attack_n100_s2_d30,attack,30,59,74,0,0.0,167,0,1,0
attack_n100_s2_d30,attack,30,60,71,0,0.0,111,0,1,0
attack_n100_s2_d30,attack,30,61,1211,0,0.0,243,0,1,0
attack_n100_s2_d30,attack,30,62,73,0,0.0,120,0,1,0
attack_n100_s2_d30,attack,30,63,179,0,0.0,154,0,1,0
attack_n100_s2_d30,attack,30,64,75,0,0.0,54,0,2,0
attack_n100_s2_d30,attack,30,65,72,0,0.0,89,0,1,0
attack_n100_s2_d30,attack,30,66,74,0,0.0,115,0,1,0
attack_n100_s2_d30,attack,30,67,74,0,0.0,161,0,1,0
attack_n100_s2_d30,attack,30,68,74,0,0.0,141,0,1,0
attack_n100_s2_d30,attack,30,70,72,0,0.0,132,0,1,0
attack_n100_s2_d30,attack,30,71,73,0,0.0,109,0,1,0
attack_n100_s2_d30,attack,30,74,71,0,0.0,126,0,1,0
attack_n100_s2_d30,attack,30,75,74,0,0.0,222,0,1,0
attack_n100_s2_d30,attack,30,76,74,0,0.0,164,0,1,0
attack_n100_s2_d30,attack,30,77,73,0,0.0,108,0,1,0
attack_n100_s2_d30,attack,30,78,75,0,0.0,174,0,1,0
attack_n100_s2_d30,attack,30,80,73,0,0.0,126,0,1,0
attack_n100_s2_d30,attack,30,81,74,0,0.0,121,0,1,0
attack_n100_s2_d30,attack,30,82,76,0,0.0,215,0,1,0
attack_n100_s2_d30,attack,30,83,298,0,0.0,267,0,1,0
attack_n100_s2_d30,attack,30,84,74,0,0.0,128,0,1,0
attack_n100_s2_d30,attack,30,85,73,0,0.0,134,0,1,0
attack_n100_s2_d30,attack,30,88,76,0,0.0,228,0,1,0
attack_n100_s2_d30,attack,30,89,183,0,0.0,188,0,1,0
attack_n100_s2_d30,attack,30,90,73,0,0.0,125,0,1,0
attack_n100_s2_d30,attack,30,91,74,0,0.0,216,0,1,0
attack_n100_s2_d30,attack,30,92,71,0,0.0,91,0,1,0
attack_n100_s2_d30,attack,30,93,75,0,0.0,91,0,1,0
attack_n100_s2_d30,attack,30,94,74,0,0.0,104,0,1,0
attack_n100_s2_d30,attack,30,96,73,0,0.0,122,0,1,0
attack_n100_s2_d30,attack,30,98,73,0,0.0,106,0,1,0
attack_n100_s2_d30,attack,30,99,72,0,0.0,82,0,1,0
attack_n100_s2_d30,attack,30,100,1742,0,0.0,260,0,1,0
attack_n100_s2_d30,attack,30,101,73,0,0.0,196,0,1,0
attack_n100_s2_d30,attack,30,6,171,40,0.23391812865497075,256,0,1,1
attack_n100_s2_d30,attack,30,7,76,13,0.17105263157894737,225,0,1,1
attack_n100_s2_d30,attack,30,10,74,22,0.2972972972972973,200,0,1,1
attack_n100_s2_d30,attack,30,22,70,20,0.2857142857142857,85,0,1,1
attack_n100_s2_d30,attack,30,32,76,25,0.32894736842105265,169,0,1,1
attack_n100_s2_d30,attack,30,33,1251,411,0.328537170263789,271,0,1,1
attack_n100_s2_d30,attack,30,39,75,21,0.28,125,0,1,1
attack_n100_s2_d30,attack,30,45,72,17,0.2361111111111111,165,0,1,1
attack_n100_s2_d30,attack,30,47,74,22,0.2972972972972973,225,0,1,1
attack_n100_s2_d30,attack,30,50,75,24,0.32,223,0,1,1
attack_n100_s2_d30,attack,30,69,71,20,0.28169014084507044,116,0,1,1
attack_n100_s2_d30,attack,30,72,73,15,0.2054794520547945,113,0,1,1
attack_n100_s2_d30,attack,30,73,75,21,0.28,205,0,1,1
attack_n100_s2_d30,attack,30,79,72,16,0.2222222222222222,150,0,1,1
attack_n100_s2_d30,attack,30,86,75,23,0.30666666666666664,204,0,1,1
attack_n100_s2_d30,attack,30,87,72,21,0.2916666666666667,120,0,1,1
attack_n100_s2_d30,attack,30,95,76,14,0.18421052631578946,214,0,1,1
attack_n100_s2_d30,attack,30,97,76,27,0.35526315789473684,123,0,1,1
attack_n100_s5_d30,attack,30,1,5121,0,0.0,362,112,0,0
attack_n100_s5_d30,attack,30,2,76,0,0.0,241,0,1,0
attack_n100_s5_d30,attack,30,3,73,0,0.0,159,0,1,0
attack_n100_s5_d30,attack,30,4,72,0,0.0,177,0,1,0
attack_n100_s5_d30,attack,30,5,74,0,0.0,141,0,1,0
attack_n100_s5_d30,attack,30,8,139,0,0.0,163,0,2,0
attack_n100_s5_d30,attack,30,9,74,0,0.0,53,0,1,0
attack_n100_s5_d30,attack,30,11,181,0,0.0,149,0,1,0
attack_n100_s5_d30,attack,30,12,74,0,0.0,240,0,1,0
attack_n100_s5_d30,attack,30,13,72,0,0.0,90,0,1,0
attack_n100_s5_d30,attack,30,14,75,0,0.0,171,0,1,0
attack_n100_s5_d30,attack,30,15,234,0,0.0,92,0,1,0
attack_n100_s5_d30,attack,30,16,74,0,0.0,95,0,1,0
attack_n100_s5_d30,attack,30,17,74,0,0.0,125,0,1,0
attack_n100_s5_d30,attack,30,18,72,0,0.0,108,0,1,0
attack_n100_s5_d30,attack,30,19,75,0,0.0,164,0,1,0
attack_n100_s5_d30,attack,30,20,71,0,0.0,130,0,1,0
attack_n100_s5_d30,attack,30,21,72,0,0.0,151,0,1,0
attack_n100_s5_d30,attack,30,23,295,0,0.0,288,0,1,0
attack_n100_s5_d30,attack,30,24,71,0,0.0,143,0,1,0
attack_n100_s5_d30,attack,30,25,72,0,0.0,171,0,1,0
attack_n100_s5_d30,attack,30,26,71,0,0.0,97,0,1,0
attack_n100_s5_d30,attack,30,27,74,0,0.0,131,0,1,0
attack_n100_s5_d30,attack,30,28,73,0,0.0,97,0,1,0
attack_n100_s5_d30,attack,30,29,1054,0,0.0,282,0,1,0
attack_n100_s5_d30,attack,30,30,71,0,0.0,114,0,1,0
attack_n100_s5_d30,attack,30,31,378,0,0.0,230,0,1,0
attack_n100_s5_d30,attack,30,34,74,0,0.0,165,0,1,0
attack_n100_s5_d30,attack,30,35,290,0,0.0,239,0,1,0
attack_n100_s5_d30,attack,30,36,75,0,0.0,85,0,1,0
attack_n100_s5_d30,attack,30,37,72,0,0.0,44,0,1,0
attack_n100_s5_d30,attack,30,38,72,0,0.0,182,0,1,0
attack_n100_s5_d30,attack,30,40,73,0,0.0,139,0,1,0
attack_n100_s5_d30,attack,30,41,75,0,0.0,261,0,1,0
attack_n100_s5_d30,attack,30,42,73,0,0.0,53,0,1,0
attack_n100_s5_d30,attack,30,43,74,0,0.0,136,0,1,0
attack_n100_s5_d30,attack,30,44,71,0,0.0,207,0,1,0
attack_n100_s5_d30,attack,30,46,74,0,0.0,151,0,1,0
attack_n100_s5_d30,attack,30,48,299,0,0.0,209,0,1,0
attack_n100_s5_d30,attack,30,49,164,0,0.0,248,0,1,0
attack_n100_s5_d30,attack,30,51,74,0,0.0,178,0,1,0
attack_n100_s5_d30,attack,30,52,75,0,0.0,188,0,1,0
attack_n100_s5_d30,attack,30,53,72,0,0.0,105,0,1,0
attack_n100_s5_d30,attack,30,54,70,0,0.0,136,0,1,0
attack_n100_s5_d30,attack,30,55,71,0,0.0,207,0,1,0
attack_n100_s5_d30,attack,30,56,73,0,0.0,204,0,1,0
attack_n100_s5_d30,attack,30,57,73,0,0.0,184,0,1,0
attack_n100_s5_d30,attack,30,58,76,0,0.0,144,0,2,0
attack_n100_s5_d30,attack,30,59,73,0,0.0,108,0,1,0
attack_n100_s5_d30,attack,30,60,71,0,0.0,169,0,1,0
attack_n100_s5_d30,attack,30,61,179,0,0.0,92,0,1,0
attack_n100_s5_d30,attack,30,62,71,0,0.0,87,0,1,0
attack_n100_s5_d30,attack,30,63,515,0,0.0,193,0,1,0
attack_n100_s5_d30,attack,30,64,291,0,0.0,261,0,1,0
attack_n100_s5_d30,attack,30,65,75,0,0.0,180,0,1,0
attack_n100_s5_d30,attack,30,66,68,0,0.0,111,0,1,0
attack_n100_s5_d30,attack,30,67,71,0,0.0,140,0,1,0
attack_n100_s5_d30,attack,30,68,73,0,0.0,84,0,1,0
attack_n100_s5_d30,attack,30,70,73,0,0.0,167,0,1,0
attack_n100_s5_d30,attack,30,71,73,0,0.0,220,0,1,0
attack_n100_s5_d30,attack,30,74,75,0,0.0,144,0,1,0
attack_n100_s5_d30,attack,30,75,74,0,0.0,155,0,1,0
attack_n100_s5_d30,attack,30,76,73,0,0.0,217,0,1,0
attack_n100_s5_d30,attack,30,77,73,0,0.0,132,0,1,0
attack_n100_s5_d30,attack,30,78,75,0,0.0,82,0,1,0
attack_n100_s5_d30,attack,30,80,76,0,0.0,274,0,1,0
attack_n100_s5_d30,attack,30,81,187,0,0.0,176,0,1,0
attack_n100_s5_d30,attack,30,82,73,0,0.0,120,0,1,0
attack_n100_s5_d30,attack,30,83,73,0,0.0,173,0,1,0
attack_n100_s5_d30,attack,30,84,73,0,0.0,144,0,1,0
attack_n100_s5_d30,attack,30,85,74,0,0.0,171,0,1,0
attack_n100_s5_d30,attack,30,88,73,0,0.0,130,0,1,0
attack_n100_s5_d30,attack,30,89,73,0,0.0,180,0,1,0
attack_n100_s5_d30,attack,30,90,76,0,0.0,252,0,1,0
attack_n100_s5_d30,attack,30,91,470,0,0.0,275,0,1,0
attack_n100_s5_d30,attack,30,92,1365,0,0.0,314,0,1,0
attack_n100_s5_d30,attack,30,93,156,0,0.0,261,0,1,0
attack_n100_s5_d30,attack,30,94,396,0,0.0,221,0,1,0
attack_n100_s5_d30,attack,30,96,74,0,0.0,243,0,1,0
attack_n100_s5_d30,attack,30,98,73,0,0.0,160,0,1,0
attack_n100_s5_d30,attack,30,99,76,0,0.0,249,0,1,0
attack_n100_s5_d30,attack,30,100,72,0,0.0,126,0,1,0
attack_n100_s5_d30,attack,30,101,402,0,0.0,258,0,1,0
attack_n100_s5_d30,attack,30,6,167,51,0.30538922155688625,283,0,1,1
attack_n100_s5_d30,attack,30,7,75,21,0.28,229,0,1,1
attack_n100_s5_d30,attack,30,10,76,23,0.3026315789473684,264,0,1,1
attack_n100_s5_d30,attack,30,22,71,23,0.323943661971831,198,0,1,1
attack_n100_s5_d30,attack,30,32,70,17,0.24285714285714285,211,0,1,1
attack_n100_s5_d30,attack,30,33,72,20,0.2777777777777778,198,0,1,1
attack_n100_s5_d30,attack,30,39,74,22,0.2972972972972973,104,0,1,1
attack_n100_s5_d30,attack,30,45,76,21,0.27631578947368424,226,0,1,1
attack_n100_s5_d30,attack,30,47,75,23,0.30666666666666664,169,0,1,1
attack_n100_s5_d30,attack,30,50,79,21,0.26582278481012656,77,0,3,1
attack_n100_s5_d30,attack,30,69,75,22,0.29333333333333333,239,0,1,1
attack_n100_s5_d30,attack,30,72,74,22,0.2972972972972973,100,0,1,1
attack_n100_s5_d30,attack,30,73,141,50,0.3546099290780142,218,0,1,1
attack_n100_s5_d30,attack,30,79,971,286,0.2945417095777549,263,0,1,1
attack_n100_s5_d30,attack,30,86,75,25,0.3333333333333333,229,0,1,1
attack_n100_s5_d30,attack,30,87,74,26,0.35135135135135137,229,0,1,1
attack_n100_s5_d30,attack,30,95,71,18,0.2535211267605634,84,0,1,1
attack_n100_s5_d30,attack,30,97,77,24,0.3116883116883117,267,0,1,1
attack_n50_s1_d90,attack,90,1,2344,0,0.0,233,51,0,0
attack_n50_s1_d90,attack,90,2,73,0,0.0,50,0,1,0
attack_n50_s1_d90,attack,90,4,76,0,0.0,90,0,1,0
attack_n50_s1_d90,attack,90,5,75,0,0.0,153,0,1,0
attack_n50_s1_d90,attack,90,6,74,0,0.0,92,0,1,0
attack_n50_s1_d90,attack,90,7,73,0,0.0,43,0,1,0
attack_n50_s1_d90,attack,90,8,77,0,0.0,117,0,1,0
attack_n50_s1_d90,attack,90,9,72,0,0.0,31,0,1,0
attack_n50_s1_d90,attack,90,10,295,0,0.0,141,0,1,0
attack_n50_s1_d90,attack,90,11,74,0,0.0,35,0,1,0
attack_n50_s1_d90,attack,90,12,84,0,0.0,31,0,1,0
attack_n50_s1_d90,attack,90,13,74,0,0.0,68,0,1,0
attack_n50_s1_d90,attack,90,14,75,0,0.0,73,0,1,0
attack_n50_s1_d90,attack,90,15,75,0,0.0,133,0,1,0
attack_n50_s1_d90,attack,90,16,74,0,0.0,65,0,1,0
attack_n50_s1_d90,attack,90,18,75,0,0.0,142,0,1,0
attack_n50_s1_d90,attack,90,19,74,0,0.0,116,0,1,0
attack_n50_s1_d90,attack,90,20,296,0,0.0,157,0,1,0
attack_n50_s1_d90,attack,90,22,72,0,0.0,50,0,1,0
attack_n50_s1_d90,attack,90,23,76,0,0.0,125,0,1,0
attack_n50_s1_d90,attack,90,24,305,0,0.0,90,0,1,0
attack_n50_s1_d90,attack,90,25,73,0,0.0,50,0,1,0
attack_n50_s1_d90,attack,90,27,73,0,0.0,96,0,1,0
attack_n50_s1_d90,attack,90,29,430,0,0.0,156,0,1,0
attack_n50_s1_d90,attack,90,30,73,0,0.0,65,0,1,0
attack_n50_s1_d90,attack,90,32,74,0,0.0,101,0,1,0
attack_n50_s1_d90,attack,90,33,85,0,0.0,123,0,1,0
attack_n50_s1_d90,attack,90,34,70,0,0.0,61,0,1,0
attack_n50_s1_d90,attack,90,35,74,0,0.0,169,0,1,0
attack_n50_s1_d90,attack,90,36,72,0,0.0,66,0,1,0
attack_n50_s1_d90,attack,90,38,187,0,0.0,127,0,1,0
attack_n50_s1_d90,attack,90,40,404,0,0.0,124,0,1,0
attack_n50_s1_d90,attack,90,41,75,0,0.0,139,0,1,0
attack_n50_s1_d90,attack,90,42,84,0,0.0,100,0,1,0
attack_n50_s1_d90,attack,90,43,185,0,0.0,108,0,1,0
attack_n50_s1_d90,attack,90,44,74,0,0.0,138,0,1,0
attack_n50_s1_d90,attack,90,45,73,0,0.0,42,0,1,0
attack_n50_s1_d90,attack,90,47,75,0,0.0,55,0,1,0
attack_n50_s1_d90,attack,90,48,74,0,0.0,81,0,1,0
attack_n50_s1_d90,attack,90,49,517,0,0.0,113,0,1,0
attack_n50_s1_d90,attack,90,50,72,0,0.0,39,0,1,0
attack_n50_s1_d90,attack,90,51,437,0,0.0,160,0,1,0
attack_n50_s1_d90,attack,90,3,89,78,0.8764044943820225,71,0,7,1
attack_n50_s1_d90,attack,90,17,78,69,0.8846153846153846,52,0,3,1
attack_n50_s1_d90,attack,90,21,88,82,0.9318181818181818,149,0,5,1
attack_n50_s1_d90,attack,90,26,74,69,0.9324324324324325,122,0,1,1
attack_n50_s1_d90,attack,90,28,75,67,0.8933333333333333,17,0,7,1
attack_n50_s1_d90,attack,90,31,95,88,0.9263157894736842,89,0,10,1
attack_n50_s1_d90,attack,90,37,83,77,0.927710843373494,89,0,3,1
attack_n50_s1_d90,attack,90,39,107,101,0.9439252336448598,121,0,14,1
attack_n50_s1_d90,attack,90,46,100,90,0.9,153,0,9,1
attack_n50_s5_d60,attack,60,1,2259,0,0.0,129,60,0,0
attack_n50_s5_d60,attack,60,2,879,0,0.0,134,0,1,0
attack_n50_s5_d60,attack,60,4,73,0,0.0,75,0,1,0
attack_n50_s5_d60,attack,60,5,289,0,0.0,85,0,1,0
attack_n50_s5_d60,attack,60,6,74,0,0.0,89,0,1,0
attack_n50_s5_d60,attack,60,7,73,0,0.0,67,0,1,0
attack_n50_s5_d60,attack,60,8,74,0,0.0,44,0,1,0
attack_n50_s5_d60,attack,60,9,74,0,0.0,107,0,1,0
attack_n50_s5_d60,attack,60,10,228,0,0.0,114,0,1,0
attack_n50_s5_d60,attack,60,11,72,0,0.0,54,0,1,0
attack_n50_s5_d60,attack,60,12,72,0,0.0,82,0,1,0
attack_n50_s5_d60,attack,60,13,75,0,0.0,59,0,1,0
attack_n50_s5_d60,attack,60,14,132,0,0.0,66,0,1,0
attack_n50_s5_d60,attack,60,15,73,0,0.0,71,0,1,0
attack_n50_s5_d60,attack,60,16,72,0,0.0,59,0,1,0
attack_n50_s5_d60,attack,60,18,182,0,0.0,79,0,1,0
attack_n50_s5_d60,attack,60,19,73,0,0.0,59,0,1,0
attack_n50_s5_d60,attack,60,20,72,0,0.0,62,0,1,0
attack_n50_s5_d60,attack,60,22,73,0,0.0,104,0,1,0
attack_n50_s5_d60,attack,60,23,75,0,0.0,75,0,1,0
attack_n50_s5_d60,attack,60,24,72,0,0.0,69,0,1,0
attack_n50_s5_d60,attack,60,25,204,0,0.0,60,0,1,0
attack_n50_s5_d60,attack,60,27,72,0,0.0,66,0,1,0
attack_n50_s5_d60,attack,60,29,74,0,0.0,53,0,1,0
attack_n50_s5_d60,attack,60,30,399,0,0.0,145,0,1,0
attack_n50_s5_d60,attack,60,32,73,0,0.0,59,0,1,0
attack_n50_s5_d60,attack,60,33,183,0,0.0,114,0,1,0
attack_n50_s5_d60,attack,60,34,73,0,0.0,66,0,1,0
attack_n50_s5_d60,attack,60,35,1115,0,0.0,136,0,1,0
attack_n50_s5_d60,attack,60,36,78,0,0.0,50,0,3,0
attack_n50_s5_d60,attack,60,38,73,0,0.0,36,0,3,0
attack_n50_s5_d60,attack,60,40,72,0,0.0,85,0,1,0
attack_n50_s5_d60,attack,60,41,73,0,0.0,73,0,1,0
attack_n50_s5_d60,attack,60,42,74,0,0.0,103,0,1,0
attack_n50_s5_d60,attack,60,43,71,0,0.0,30,0,1,0
attack_n50_s5_d60,attack,60,44,73,0,0.0,55,0,1,0
attack_n50_s5_d60,attack,60,45,349,0,0.0,119,0,1,0
attack_n50_s5_d60,attack,60,47,74,0,0.0,56,0,1,0
attack_n50_s5_d60,attack,60,48,277,0,0.0,114,0,1,0
attack_n50_s5_d60,attack,60,49,334,0,0.0,128,0,1,0
attack_n50_s5_d60,attack,60,50,74,0,0.0,93,0,1,0
attack_n50_s5_d60,attack,60,51,71,0,0.0,80,0,1,0
attack_n50_s5_d60,attack,60,3,73,36,0.4931506849315068,59,0,1,1
attack_n50_s5_d60,attack,60,17,75,39,0.52,97,0,1,1
attack_n50_s5_d60,attack,60,21,74,47,0.6351351351351351,85,0,1,1
attack_n50_s5_d60,attack,60,26,73,44,0.6027397260273972,102,0,1,1
attack_n50_s5_d60,attack,60,28,623,373,0.5987158908507223,133,0,1,1
attack_n50_s5_d60,attack,60,31,74,43,0.581081081081081,84,0,1,1
attack_n50_s5_d60,attack,60,37,74,43,0.581081081081081,63,0,1,1
attack_n50_s5_d60,attack,60,39,72,48,0.6666666666666666,78,0,1,1
attack_n50_s5_d60,attack,60,46,76,47,0.618421052631579,59,0,1,1
attack_n50_s3_d90,attack,90,1,2330,0,0.0,135,50,0,0
attack_n50_s3_d90,attack,90,2,184,0,0.0,79,0,1,0
attack_n50_s3_d90,attack,90,4,294,0,0.0,90,0,1,0
attack_n50_s3_d90,attack,90,5,75,0,0.0,98,0,1,0
attack_n50_s3_d90,attack,90,6,76,0,0.0,16,0,1,0
attack_n50_s3_d90,attack,90,7,73,0,0.0,52,0,1,0
attack_n50_s3_d90,attack,90,8,72,0,0.0,47,0,1,0
attack_n50_s3_d90,attack,90,9,84,0,0.0,89,0,1,0
attack_n50_s3_d90,attack,90,10,74,0,0.0,80,0,1,0
attack_n50_s3_d90,attack,90,11,85,0,0.0,95,0,1,0
attack_n50_s3_d90,attack,90,12,83,0,0.0,125,0,1,0
attack_n50_s3_d90,attack,90,13,73,0,0.0,69,0,1,0
attack_n50_s3_d90,attack,90,14,76,0,0.0,118,0,1,0
attack_n50_s3_d90,attack,90,15,73,0,0.0,43,0,1,0
attack_n50_s3_d90,attack,90,16,76,0,0.0,64,0,1,0
attack_n50_s3_d90,attack,90,18,504,0,0.0,101,0,1,0
attack_n50_s3_d90,attack,90,19,73,0,0.0,99,0,1,0
attack_n50_s3_d90,attack,90,20,1081,0,0.0,119,0,1,0
attack_n50_s3_d90,attack,90,22,71,0,0.0,62,0,1,0
attack_n50_s3_d90,attack,90,23,74,0,0.0,79,0,1,0
attack_n50_s3_d90,attack,90,24,73,0,0.0,38,0,1,0
attack_n50_s3_d90,attack,90,25,73,0,0.0,59,0,1,0
attack_n50_s3_d90,attack,90,27,74,0,0.0,150,0,1,0
attack_n50_s3_d90,attack,90,29,185,0,0.0,131,0,1,0
attack_n50_s3_d90,attack,90,30,72,0,0.0,56,0,1,0
attack_n50_s3_d90,attack,90,32,73,0,0.0,83,0,1,0
attack_n50_s3_d90,attack,90,33,75,0,0.0,88,0,1,0
attack_n50_s3_d90,attack,90,34,71,0,0.0,58,0,1,0
attack_n50_s3_d90,attack,90,35,72,0,0.0,84,0,1,0
attack_n50_s3_d90,attack,90,36,71,0,0.0,51,0,1,0
attack_n50_s3_d90,attack,90,38,73,0,0.0,49,0,1,0
attack_n50_s3_d90,attack,90,40,74,0,0.0,98,0,1,0
attack_n50_s3_d90,attack,90,41,76,0,0.0,93,0,1,0
attack_n50_s3_d90,attack,90,42,83,0,0.0,42,0,1,0
attack_n50_s3_d90,attack,90,43,72,0,0.0,56,0,1,0
attack_n50_s3_d90,attack,90,44,71,0,0.0,48,0,1,0
attack_n50_s3_d90,attack,90,45,301,0,0.0,102,0,1,0
attack_n50_s3_d90,attack,90,47,187,0,0.0,87,0,1,0
attack_n50_s3_d90,attack,90,48,87,0,0.0,65,0,1,0
attack_n50_s3_d90,attack,90,49,88,0,0.0,86,0,1,0
attack_n50_s3_d90,attack,90,50,1779,0,0.0,188,0,1,0
attack_n50_s3_d90,attack,90,51,71,0,0.0,52,0,1,0
attack_n50_s3_d90,attack,90,3,75,67,0.8933333333333333,81,0,1,1
attack_n50_s3_d90,attack,90,17,90,83,0.9222222222222223,54,0,11,1
attack_n50_s3_d90,attack,90,21,87,77,0.8850574712643678,88,0,5,1
attack_n50_s3_d90,attack,90,26,74,69,0.9324324324324325,63,0,1,1
attack_n50_s3_d90,attack,90,28,85,74,0.8705882352941177,95,0,5,1
attack_n50_s3_d90,attack,90,31,60,59,0.9833333333333333,22,0,17,1
attack_n50_s3_d90,attack,90,37,86,78,0.9069767441860465,58,0,8,1
attack_n50_s3_d90,attack,90,39,90,81,0.9,91,0,7,1
attack_n50_s3_d90,attack,90,46,85,79,0.9294117647058824,87,0,5,1
attack_n20_s3_d60,attack,60,1,957,0,0.0,69,19,0,0
attack_n20_s3_d60,attack,60,2,693,0,0.0,51,0,1,0
attack_n20_s3_d60,attack,60,3,75,0,0.0,42,0,1,0
attack_n20_s3_d60,attack,60,4,310,0,0.0,35,0,1,0
attack_n20_s3_d60,attack,60,5,22,0,0.0,0,0,0,0
attack_n20_s3_d60,attack,60,6,529,0,0.0,22,0,1,0
attack_n20_s3_d60,attack,60,7,74,0,0.0,25,0,1,0
attack_n20_s3_d60,attack,60,8,295,0,0.0,40,0,1,0
attack_n20_s3_d60,attack,60,9,69,0,0.0,25,0,1,0
attack_n20_s3_d60,attack,60,12,73,0,0.0,41,0,1,0
attack_n20_s3_d60,attack,60,14,183,0,0.0,76,0,1,0
attack_n20_s3_d60,attack,60,15,68,0,0.0,21,0,1,0
attack_n20_s3_d60,attack,60,16,78,0,0.0,77,0,1,0
attack_n20_s3_d60,attack,60,17,420,0,0.0,20,0,1,0
attack_n20_s3_d60,attack,60,18,73,0,0.0,26,0,1,0
attack_n20_s3_d60,attack,60,19,75,0,0.0,42,0,1,0
attack_n20_s3_d60,attack,60,20,74,0,0.0,40,0,1,0
attack_n20_s3_d60,attack,60,21,343,0,0.0,71,0,1,0
attack_n20_s3_d60,attack,60,10,72,44,0.6111111111111112,42,0,1,1
attack_n20_s3_d60,attack,60,11,69,32,0.463768115942029,24,0,1,1
attack_n20_s3_d60,attack,60,13,72,38,0.5277777777777778,29,0,1,1
attack_n20_s2_d90,attack,90,1,966,0,0.0,76,20,0,0
attack_n20_s2_d90,attack,90,2,73,0,0.0,21,0,1,0
attack_n20_s2_d90,attack,90,3,72,0,0.0,24,0,1,0
attack_n20_s2_d90,attack,90,4,500,0,0.0,52,0,1,0
attack_n20_s2_d90,attack,90,5,97,0,0.0,57,0,1,0
attack_n20_s2_d90,attack,90,6,208,0,0.0,66,0,1,0
attack_n20_s2_d90,attack,90,7,75,0,0.0,45,0,1,0
attack_n20_s2_d90,attack,90,8,76,0,0.0,71,0,1,0
attack_n20_s2_d90,attack,90,9,283,0,0.0,31,0,1,0
attack_n20_s2_d90,attack,90,12,72,0,0.0,17,0,1,0
attack_n20_s2_d90,attack,90,14,505,0,0.0,75,0,1,0
attack_n20_s2_d90,attack,90,15,70,0,0.0,26,0,1,0
attack_n20_s2_d90,attack,90,16,75,0,0.0,67,0,1,0
attack_n20_s2_d90,attack,90,17,69,0,0.0,10,0,1,0
attack_n20_s2_d90,attack,90,18,616,0,0.0,62,0,1,0
attack_n20_s2_d90,attack,90,19,284,0,0.0,38,0,1,0
attack_n20_s2_d90,attack,90,20,73,0,0.0,63,0,1,0
attack_n20_s2_d90,attack,90,21,174,0,0.0,21,0,1,0
attack_n20_s2_d90,attack,90,10,72,60,0.8333333333333334,43,0,1,1
attack_n20_s2_d90,attack,90,11,74,63,0.8513513513513513,45,0,1,1
attack_n20_s2_d90,attack,90,13,78,69,0.8846153846153846,59,0,4,1
attack_n20_s1_d60,attack,60,1,1015,0,0.0,87,20,0,0
attack_n20_s1_d60,attack,60,2,74,0,0.0,27,0,1,0
attack_n20_s1_d60,attack,60,3,290,0,0.0,49,0,1,0
attack_n20_s1_d60,attack,60,4,401,0,0.0,81,0,1,0
attack_n20_s1_d60,attack,60,5,75,0,0.0,19,0,1,0
attack_n20_s1_d60,attack,60,6,72,0,0.0,22,0,1,0
attack_n20_s1_d60,attack,60,7,186,0,0.0,43,0,1,0
attack_n20_s1_d60,attack,60,8,74,0,0.0,19,0,1,0
attack_n20_s1_d60,attack,60,9,294,0,0.0,66,0,1,0
attack_n20_s1_d60,attack,60,12,70,0,0.0,21,0,1,0
attack_n20_s1_d60,attack,60,14,71,0,0.0,30,0,1,0
attack_n20_s1_d60,attack,60,15,72,0,0.0,35,0,1,0
attack_n20_s1_d60,attack,60,16,74,0,0.0,30,0,1,0
attack_n20_s1_d60,attack,60,17,73,0,0.0,68,0,1,0
attack_n20_s1_d60,attack,60,18,220,0,0.0,47,0,1,0
attack_n20_s1_d60,attack,60,19,76,0,0.0,57,0,1,0
attack_n20_s1_d60,attack,60,20,74,0,0.0,54,0,1,0
attack_n20_s1_d60,attack,60,21,553,0,0.0,80,0,1,0
attack_n20_s1_d60,attack,60,10,70,42,0.6,25,0,1,1
attack_n20_s1_d60,attack,60,11,77,46,0.5974025974025974,42,0,1,1
attack_n20_s1_d60,attack,60,13,77,45,0.5844155844155844,58,0,1,1
attack_n20_s3_d30,attack,30,1,1002,0,0.0,69,19,0,0
attack_n20_s3_d30,attack,30,2,752,0,0.0,52,0,1,0
attack_n20_s3_d30,attack,30,3,75,0,0.0,40,0,1,0
attack_n20_s3_d30,attack,30,4,340,0,0.0,37,0,1,0
attack_n20_s3_d30,attack,30,5,22,0,0.0,0,0,0,0
attack_n20_s3_d30,attack,30,6,559,0,0.0,26,0,1,0
attack_n20_s3_d30,attack,30,7,75,0,0.0,26,0,1,0
attack_n20_s3_d30,attack,30,8,291,0,0.0,40,0,1,0
attack_n20_s3_d30,attack,30,9,70,0,0.0,26,0,1,0
attack_n20_s3_d30,attack,30,12,73,0,0.0,41,0,1,0
attack_n20_s3_d30,attack,30,14,184,0,0.0,78,0,1,0
attack_n20_s3_d30,attack,30,15,69,0,0.0,24,0,1,0
attack_n20_s3_d30,attack,30,16,77,0,0.0,74,0,1,0
attack_n20_s3_d30,attack,30,17,450,0,0.0,23,0,1,0
attack_n20_s3_d30,attack,30,18,73,0,0.0,28,0,1,0
attack_n20_s3_d30,attack,30,19,76,0,0.0,45,0,1,0
attack_n20_s3_d30,attack,30,20,74,0,0.0,41,0,1,0
attack_n20_s3_d30,attack,30,21,374,0,0.0,75,0,1,0
attack_n20_s3_d30,attack,30,10,72,24,0.3333333333333333,43,0,1,1
attack_n20_s3_d30,attack,30,11,72,19,0.2638888888888889,24,0,1,1
attack_n20_s3_d30,attack,30,13,71,17,0.23943661971830985,29,0,1,1
attack_n20_s5_d30,attack,30,1,991,0,0.0,40,21,0,0
attack_n20_s5_d30,attack,30,2,591,0,0.0,60,0,1,0
attack_n20_s5_d30,attack,30,3,178,0,0.0,38,0,1,0
attack_n20_s5_d30,attack,30,4,74,0,0.0,50,0,1,0
attack_n20_s5_d30,attack,30,5,68,0,0.0,17,0,1,0
attack_n20_s5_d30,attack,30,6,73,0,0.0,32,0,1,0
attack_n20_s5_d30,attack,30,7,71,0,0.0,21,0,1,0
attack_n20_s5_d30,attack,30,8,834,0,0.0,57,0,1,0
attack_n20_s5_d30,attack,30,9,74,0,0.0,31,0,1,0
attack_n20_s5_d30,attack,30,12,70,0,0.0,18,0,1,0
attack_n20_s5_d30,attack,30,14,280,0,0.0,34,0,1,0
attack_n20_s5_d30,attack,30,15,73,0,0.0,39,0,1,0
attack_n20_s5_d30,attack,30,16,180,0,0.0,39,0,1,0
attack_n20_s5_d30,attack,30,17,74,0,0.0,34,0,1,0
attack_n20_s5_d30,attack,30,18,71,0,0.0,24,0,1,0
attack_n20_s5_d30,attack,30,19,281,0,0.0,27,0,1,0
attack_n20_s5_d30,attack,30,20,70,0,0.0,24,0,1,0
attack_n20_s5_d30,attack,30,21,72,0,0.0,28,0,1,0
attack_n20_s5_d30,attack,30,10,414,131,0.3164251207729469,52,0,1,1
attack_n20_s5_d30,attack,30,11,72,18,0.25,28,0,1,1
attack_n20_s5_d30,attack,30,13,71,21,0.29577464788732394,36,0,1,1
attack_n50_s2_d30,attack,30,1,2598,0,0.0,190,55,0,0
attack_n50_s2_d30,attack,30,2,76,0,0.0,51,0,1,0
attack_n50_s2_d30,attack,30,4,73,0,0.0,39,0,1,0
attack_n50_s2_d30,attack,30,5,73,0,0.0,110,0,1,0
attack_n50_s2_d30,attack,30,6,985,0,0.0,193,0,1,0
attack_n50_s2_d30,attack,30,7,75,0,0.0,153,0,1,0
attack_n50_s2_d30,attack,30,8,76,0,0.0,114,0,1,0
attack_n50_s2_d30,attack,30,9,73,0,0.0,137,0,1,0
attack_n50_s2_d30,attack,30,10,71,0,0.0,74,0,1,0
attack_n50_s2_d30,attack,30,11,73,0,0.0,90,0,1,0
attack_n50_s2_d30,attack,30,12,74,0,0.0,122,0,1,0
attack_n50_s2_d30,attack,30,13,72,0,0.0,35,0,1,0
attack_n50_s2_d30,attack,30,14,182,0,0.0,144,0,1,0
attack_n50_s2_d30,attack,30,15,78,0,0.0,66,0,4,0
attack_n50_s2_d30,attack,30,16,76,0,0.0,120,0,1,0
attack_n50_s2_d30,attack,30,18,73,0,0.0,47,0,1,0
attack_n50_s2_d30,attack,30,19,75,0,0.0,95,0,1,0
attack_n50_s2_d30,attack,30,20,71,0,0.0,80,0,1,0
attack_n50_s2_d30,attack,30,22,71,0,0.0,107,0,1,0
attack_n50_s2_d30,attack,30,23,72,0,0.0,104,0,1,0
attack_n50_s2_d30,attack,30,24,72,0,0.0,103,0,1,0
attack_n50_s2_d30,attack,30,25,73,0,0.0,132,0,1,0
attack_n50_s2_d30,attack,30,27,71,0,0.0,63,0,1,0
attack_n50_s2_d30,attack,30,29,73,0,0.0,73,0,1,0
attack_n50_s2_d30,attack,30,30,408,0,0.0,181,0,1,0
attack_n50_s2_d30,attack,30,32,74,0,0.0,125,0,1,0
attack_n50_s2_d30,attack,30,33,74,0,0.0,93,0,1,0
attack_n50_s2_d30,attack,30,34,591,0,0.0,172,0,1,0
attack_n50_s2_d30,attack,30,35,72,0,0.0,62,0,1,0
attack_n50_s2_d30,attack,30,36,73,0,0.0,118,0,1,0
attack_n50_s2_d30,attack,30,38,74,0,0.0,119,0,1,0
attack_n50_s2_d30,attack,30,40,294,0,0.0,188,0,1,0
attack_n50_s2_d30,attack,30,41,151,0,0.0,94,0,1,0
attack_n50_s2_d30,attack,30,42,71,0,0.0,108,0,1,0
attack_n50_s2_d30,attack,30,43,71,0,0.0,95,0,1,0
attack_n50_s2_d30,attack,30,44,72,0,0.0,78,0,1,0
attack_n50_s2_d30,attack,30,45,75,0,0.0,70,0,1,0
attack_n50_s2_d30,attack,30,47,73,0,0.0,107,0,1,0
attack_n50_s2_d30,attack,30,48,714,0,0.0,201,0,1,0
attack_n50_s2_d30,attack,30,49,404,0,0.0,113,0,1,0
attack_n50_s2_d30,attack,30,50,75,0,0.0,99,0,1,0
attack_n50_s2_d30,attack,30,51,72,0,0.0,93,0,1,0
attack_n50_s2_d30,attack,30,3,72,19,0.2638888888888889,106,0,1,1
attack_n50_s2_d30,attack,30,17,74,22,0.2972972972972973,105,0,1,1
attack_n50_s2_d30,attack,30,21,74,20,0.2702702702702703,75,0,1,1
attack_n50_s2_d30,attack,30,26,74,21,0.28378378378378377,181,0,1,1
attack_n50_s2_d30,attack,30,28,75,23,0.30666666666666664,68,0,1,1
attack_n50_s2_d30,attack,30,31,72,26,0.3611111111111111,22,0,1,1
attack_n50_s2_d30,attack,30,37,74,16,0.21621621621621623,98,0,1,1
attack_n50_s2_d30,attack,30,39,76,22,0.2894736842105263,67,0,1,1
attack_n50_s2_d30,attack,30,46,331,107,0.32326283987915405,153,0,1,1
attack_n100_s1_d30,attack,30,1,5121,0,0.0,496,109,0,0
attack_n100_s1_d30,attack,30,2,72,0,0.0,145,0,1,0
attack_n100_s1_d30,attack,30,3,74,0,0.0,210,0,1,0
attack_n100_s1_d30,attack,30,4,75,0,0.0,306,0,1,0
attack_n100_s1_d30,attack,30,5,644,0,0.0,239,0,1,0
attack_n100_s1_d30,attack,30,8,73,0,0.0,72,0,1,0
attack_n100_s1_d30,attack,30,9,74,0,0.0,202,0,1,0
attack_n100_s1_d30,attack,30,11,73,0,0.0,86,0,1,0
attack_n100_s1_d30,attack,30,12,151,0,0.0,291,0,1,0
attack_n100_s1_d30,attack,30,13,73,0,0.0,115,0,1,0
attack_n100_s1_d30,attack,30,14,74,0,0.0,67,0,1,0
attack_n100_s1_d30,attack,30,15,72,0,0.0,159,0,1,0
attack_n100_s1_d30,attack,30,16,75,0,0.0,146,0,1,0
attack_n100_s1_d30,attack,30,17,75,0,0.0,250,0,1,0
attack_n100_s1_d30,attack,30,18,287,0,0.0,119,0,1,0
attack_n100_s1_d30,attack,30,19,73,0,0.0,284,0,1,0
attack_n100_s1_d30,attack,30,20,73,0,0.0,192,0,1,0
attack_n100_s1_d30,attack,30,21,1052,0,0.0,261,0,1,0
attack_n100_s1_d30,attack,30,23,77,0,0.0,125,0,2,0
attack_n100_s1_d30,attack,30,24,76,0,0.0,243,0,1,0
attack_n100_s1_d30,attack,30,25,978,0,0.0,250,0,1,0
attack_n100_s1_d30,attack,30,26,73,0,0.0,103,0,1,0
attack_n100_s1_d30,attack,30,27,73,0,0.0,203,0,1,0
attack_n100_s1_d30,attack,30,28,186,0,0.0,270,0,1,0
attack_n100_s1_d30,attack,30,29,74,0,0.0,138,0,1,0
attack_n100_s1_d30,attack,30,30,72,0,0.0,207,0,1,0
attack_n100_s1_d30,attack,30,31,670,0,0.0,306,0,1,0
attack_n100_s1_d30,attack,30,34,74,0,0.0,123,0,1,0
attack_n100_s1_d30,attack,30,35,187,0,0.0,350,0,1,0
attack_n100_s1_d30,attack,30,36,72,0,0.0,124,0,1,0
attack_n100_s1_d30,attack,30,37,76,0,0.0,234,0,1,0
attack_n100_s1_d30,attack,30,38,148,0,0.0,243,0,1,0
attack_n100_s1_d30,attack,30,40,402,0,0.0,280,0,1,0
attack_n100_s1_d30,attack,30,41,76,0,0.0,265,0,1,0
attack_n100_s1_d30,attack,30,42,74,0,0.0,240,0,1,0
attack_n100_s1_d30,attack,30,43,76,0,0.0,276,0,1,0
attack_n100_s1_d30,attack,30,44,71,0,0.0,97,0,1,0
attack_n100_s1_d30,attack,30,46,73,0,0.0,171,0,1,0
attack_n100_s1_d30,attack,30,48,76,0,0.0,148,0,1,0
attack_n100_s1_d30,attack,30,49,187,0,0.0,176,0,1,0
attack_n100_s1_d30,attack,30,51,74,0,0.0,92,0,1,0
attack_n100_s1_d30,attack,30,52,76,0,0.0,245,0,1,0
attack_n100_s1_d30,attack,30,53,73,0,0.0,167,0,1,0
attack_n100_s1_d30,attack,30,54,75,0,0.0,113,0,1,0
attack_n100_s1_d30,attack,30,55,73,0,0.0,310,0,1,0
attack_n100_s1_d30,attack,30,56,73,0,0.0,250,0,1,0
attack_n100_s1_d30,attack,30,57,74,0,0.0,51,0,1,0
attack_n100_s1_d30,attack,30,58,73,0,0.0,170,0,1,0
attack_n100_s1_d30,attack,30,59,75,0,0.0,171,0,1,0
attack_n100_s1_d30,attack,30,60,76,0,0.0,228,0,1,0
attack_n100_s1_d30,attack,30,61,74,0,0.0,311,0,1,0
attack_n100_s1_d30,attack,30,62,72,0,0.0,113,0,1,0
attack_n100_s1_d30,attack,30,63,75,0,0.0,205,0,1,0
attack_n100_s1_d30,attack,30,64,73,0,0.0,337,0,1,0
attack_n100_s1_d30,attack,30,65,75,0,0.0,265,0,1,0
attack_n100_s1_d30,attack,30,66,75,0,0.0,264,0,1,0
attack_n100_s1_d30,attack,30,67,76,0,0.0,284,0,1,0
attack_n100_s1_d30,attack,30,68,71,0,0.0,130,0,1,0
attack_n100_s1_d30,attack,30,70,75,0,0.0,216,0,1,0
attack_n100_s1_d30,attack,30,71,75,0,0.0,154,0,1,0
attack_n100_s1_d30,attack,30,74,75,0,0.0,161,0,1,0
attack_n100_s1_d30,attack,30,75,74,0,0.0,177,0,1,0
attack_n100_s1_d30,attack,30,76,77,0,0.0,114,0,1,0
attack_n100_s1_d30,attack,30,77,74,0,0.0,70,0,1,0
attack_n100_s1_d30,attack,30,78,73,0,0.0,213,0,1,0
attack_n100_s1_d30,attack,30,80,72,0,0.0,191,0,1,0
attack_n100_s1_d30,attack,30,81,72,0,0.0,129,0,1,0
attack_n100_s1_d30,attack,30,82,72,0,0.0,229,0,1,0
attack_n100_s1_d30,attack,30,83,75,0,0.0,191,0,1,0
attack_n100_s1_d30,attack,30,84,76,0,0.0,257,0,1,0
attack_n100_s1_d30,attack,30,85,74,0,0.0,250,0,1,0
attack_n100_s1_d30,attack,30,88,72,0,0.0,168,0,1,0
attack_n100_s1_d30,attack,30,89,218,0,0.0,207,0,1,0
attack_n100_s1_d30,attack,30,90,76,0,0.0,106,0,1,0
attack_n100_s1_d30,attack,30,91,180,0,0.0,213,0,1,0
attack_n100_s1_d30,attack,30,92,261,0,0.0,220,0,1,0
attack_n100_s1_d30,attack,30,93,75,0,0.0,67,0,1,0
attack_n100_s1_d30,attack,30,94,73,0,0.0,173,0,1,0
attack_n100_s1_d30,attack,30,96,73,0,0.0,189,0,1,0
attack_n100_s1_d30,attack,30,98,75,0,0.0,252,0,1,0
attack_n100_s1_d30,attack,30,99,72,0,0.0,109,0,1,0
attack_n100_s1_d30,attack,30,100,181,0,0.0,246,0,1,0
attack_n100_s1_d30,attack,30,101,76,0,0.0,254,0,1,0
attack_n100_s1_d30,attack,30,6,74,16,0.21621621621621623,261,0,1,1
attack_n100_s1_d30,attack,30,7,75,23,0.30666666666666664,258,0,1,1
attack_n100_s1_d30,attack,30,10,73,25,0.3424657534246575,147,0,1,1
attack_n100_s1_d30,attack,30,22,71,27,0.38028169014084506,96,0,1,1
attack_n100_s1_d30,attack,30,32,73,24,0.3287671232876712,184,0,1,1
attack_n100_s1_d30,attack,30,33,75,21,0.28,129,0,1,1
attack_n100_s1_d30,attack,30,39,258,82,0.3178294573643411,267,0,1,1
attack_n100_s1_d30,attack,30,45,75,15,0.2,111,0,1,1
attack_n100_s1_d30,attack,30,47,159,49,0.3081761006289308,83,0,1,1
attack_n100_s1_d30,attack,30,50,75,27,0.36,99,0,1,1
attack_n100_s1_d30,attack,30,69,76,18,0.23684210526315788,195,0,1,1
attack_n100_s1_d30,attack,30,72,73,21,0.2876712328767123,97,0,1,1
attack_n100_s1_d30,attack,30,73,74,19,0.25675675675675674,279,0,1,1
attack_n100_s1_d30,attack,30,79,169,49,0.28994082840236685,251,0,1,1
attack_n100_s1_d30,attack,30,86,521,163,0.31285988483685223,259,0,1,1
attack_n100_s1_d30,attack,30,87,119,39,0.3277310924369748,189,0,1,1
attack_n100_s1_d30,attack,30,95,76,19,0.25,187,0,1,1
attack_n100_s1_d30,attack,30,97,74,24,0.32432432432432434,268,0,1,1
attack_n100_s3_d90,attack,90,1,4723,0,0.0,381,111,0,0
attack_n100_s3_d90,attack,90,2,79,0,0.0,198,0,1,0
attack_n100_s3_d90,attack,90,3,76,0,0.0,196,0,1,0
attack_n100_s3_d90,attack,90,4,77,0,0.0,181,0,1,0
attack_n100_s3_d90,attack,90,5,73,0,0.0,37,0,1,0
attack_n100_s3_d90,attack,90,8,77,0,0.0,171,0,1,0
attack_n100_s3_d90,attack,90,9,74,0,0.0,103,0,1,0
attack_n100_s3_d90,attack,90,11,74,0,0.0,177,0,1,0
attack_n100_s3_d90,attack,90,12,74,0,0.0,191,0,1,0
attack_n100_s3_d90,attack,90,13,78,0,0.0,186,0,1,0
attack_n100_s3_d90,attack,90,14,639,0,0.0,292,0,1,0
attack_n100_s3_d90,attack,90,15,85,0,0.0,132,0,1,0
attack_n100_s3_d90,attack,90,16,186,0,0.0,257,0,1,0
attack_n100_s3_d90,attack,90,17,80,0,0.0,164,0,1,0
attack_n100_s3_d90,attack,90,18,77,0,0.0,157,0,1,0
attack_n100_s3_d90,attack,90,19,78,0,0.0,182,0,1,0
attack_n100_s3_d90,attack,90,20,78,0,0.0,176,0,1,0
attack_n100_s3_d90,attack,90,21,296,0,0.0,217,0,1,0
attack_n100_s3_d90,attack,90,23,73,0,0.0,156,0,1,0
attack_n100_s3_d90,attack,90,24,71,0,0.0,144,0,1,0
attack_n100_s3_d90,attack,90,25,78,0,0.0,156,0,1,0
attack_n100_s3_d90,attack,90,26,72,0,0.0,128,0,1,0
attack_n100_s3_d90,attack,90,27,1536,0,0.0,345,0,1,0
attack_n100_s3_d90,attack,90,28,76,0,0.0,302,0,1,0
attack_n100_s3_d90,attack,90,29,181,0,0.0,229,0,1,0
attack_n100_s3_d90,attack,90,30,78,0,0.0,181,0,1,0
attack_n100_s3_d90,attack,90,31,76,0,0.0,169,0,1,0
attack_n100_s3_d90,attack,90,34,76,0,0.0,117,0,1,0
attack_n100_s3_d90,attack,90,35,72,0,0.0,182,0,1,0
attack_n100_s3_d90,attack,90,36,75,0,0.0,112,0,1,0
attack_n100_s3_d90,attack,90,37,72,0,0.0,132,0,1,0
attack_n100_s3_d90,attack,90,38,73,0,0.0,186,0,1,0
attack_n100_s3_d90,attack,90,40,75,0,0.0,184,0,1,0
attack_n100_s3_d90,attack,90,41,80,0,0.0,163,0,1,0
attack_n100_s3_d90,attack,90,42,77,0,0.0,116,0,1,0
attack_n100_s3_d90,attack,90,43,75,0,0.0,91,0,1,0
attack_n100_s3_d90,attack,90,44,80,0,0.0,228,0,1,0
attack_n100_s3_d90,attack,90,46,311,0,0.0,184,0,1,0
attack_n100_s3_d90,attack,90,48,73,0,0.0,119,0,1,0
attack_n100_s3_d90,attack,90,49,72,0,0.0,171,0,1,0
attack_n100_s3_d90,attack,90,51,627,0,0.0,310,0,1,0
attack_n100_s3_d90,attack,90,52,78,0,0.0,107,0,1,0
attack_n100_s3_d90,attack,90,53,73,0,0.0,147,0,1,0
attack_n100_s3_d90,attack,90,54,77,0,0.0,173,0,1,0
attack_n100_s3_d90,attack,90,55,75,0,0.0,174,0,1,0
attack_n100_s3_d90,attack,90,56,80,0,0.0,196,0,1,0
attack_n100_s3_d90,attack,90,57,74,0,0.0,208,0,1,0
attack_n100_s3_d90,attack,90,58,73,0,0.0,33,0,1,0
attack_n100_s3_d90,attack,90,59,75,0,0.0,96,0,1,0
attack_n100_s3_d90,attack,90,60,73,0,0.0,167,0,1,0
attack_n100_s3_d90,attack,90,61,74,0,0.0,243,0,1,0
attack_n100_s3_d90,attack,90,62,74,0,0.0,274,0,1,0
attack_n100_s3_d90,attack,90,63,79,0,0.0,266,0,1,0
attack_n100_s3_d90,attack,90,64,73,0,0.0,126,0,1,0
attack_n100_s3_d90,attack,90,65,74,0,0.0,223,0,1,0
attack_n100_s3_d90,attack,90,66,190,0,0.0,221,0,1,0
attack_n100_s3_d90,attack,90,67,73,0,0.0,123,0,1,0
attack_n100_s3_d90,attack,90,68,72,0,0.0,193,0,1,0
attack_n100_s3_d90,attack,90,70,75,0,0.0,220,0,1,0
attack_n100_s3_d90,attack,90,71,77,0,0.0,87,0,1,0
attack_n100_s3_d90,attack,90,74,74,0,0.0,167,0,1,0
attack_n100_s3_d90,attack,90,75,294,0,0.0,289,0,1,0
attack_n100_s3_d90,attack,90,76,76,0,0.0,271,0,1,0
attack_n100_s3_d90,attack,90,77,1090,0,0.0,302,0,1,0
attack_n100_s3_d90,attack,90,78,77,0,0.0,82,0,1,0
attack_n100_s3_d90,attack,90,80,81,0,0.0,152,0,1,0
attack_n100_s3_d90,attack,90,81,78,0,0.0,194,0,1,0
attack_n100_s3_d90,attack,90,82,76,0,0.0,313,0,1,0
attack_n100_s3_d90,attack,90,83,522,0,0.0,294,0,1,0
attack_n100_s3_d90,attack,90,84,93,0,0.0,201,0,1,0
attack_n100_s3_d90,attack,90,85,78,0,0.0,228,0,1,0
attack_n100_s3_d90,attack,90,88,74,0,0.0,125,0,1,0
attack_n100_s3_d90,attack,90,89,74,0,0.0,224,0,1,0
attack_n100_s3_d90,attack,90,90,86,0,0.0,224,0,1,0
attack_n100_s3_d90,attack,90,91,70,0,0.0,213,0,1,0
attack_n100_s3_d90,attack,90,92,319,0,0.0,196,0,1,0
attack_n100_s3_d90,attack,90,93,73,0,0.0,148,0,1,0
attack_n100_s3_d90,attack,90,94,313,0,0.0,249,0,1,0
attack_n100_s3_d90,attack,90,96,98,0,0.0,199,0,1,0
attack_n100_s3_d90,attack,90,98,71,0,0.0,174,0,1,0
attack_n100_s3_d90,attack,90,99,76,0,0.0,196,0,1,0
attack_n100_s3_d90,attack,90,100,73,0,0.0,153,0,1,0
attack_n100_s3_d90,attack,90,101,76,0,0.0,152,0,1,0
attack_n100_s3_d90,attack,90,6,118,103,0.8728813559322034,250,0,16,1
attack_n100_s3_d90,attack,90,7,90,85,0.9444444444444444,173,0,5,1
attack_n100_s3_d90,attack,90,10,79,64,0.810126582278481,172,0,1,1
attack_n100_s3_d90,attack,90,22,100,93,0.93,244,0,9,1
attack_n100_s3_d90,attack,90,32,76,68,0.8947368421052632,219,0,1,1
attack_n100_s3_d90,attack,90,33,107,93,0.8691588785046729,171,0,26,1
attack_n100_s3_d90,attack,90,39,87,78,0.896551724137931,212,0,5,1
attack_n100_s3_d90,attack,90,45,78,68,0.8717948717948718,236,0,1,1
attack_n100_s3_d90,attack,90,47,105,93,0.8857142857142857,272,0,10,1
attack_n100_s3_d90,attack,90,50,73,62,0.8493150684931506,165,0,1,1
attack_n100_s3_d90,attack,90,69,74,63,0.8513513513513513,41,0,1,1
attack_n100_s3_d90,attack,90,72,103,88,0.8543689320388349,116,0,15,1
attack_n100_s3_d90,attack,90,73,73,67,0.9178082191780822,144,0,1,1
attack_n100_s3_d90,attack,90,79,94,83,0.8829787234042553,172,0,9,1
attack_n100_s3_d90,attack,90,86,89,80,0.898876404494382,191,0,3,1
attack_n100_s3_d90,attack,90,87,99,91,0.9191919191919192,249,0,10,1
attack_n100_s3_d90,attack,90,95,78,68,0.8717948717948718,216,0,1,1
attack_n100_s3_d90,attack,90,97,104,97,0.9326923076923077,143,0,19,1
baseline_n50_s4,baseline,0,1,2786,0,0.0,192,51,0,0
baseline_n50_s4,baseline,0,2,74,0,0.0,114,0,1,0
baseline_n50_s4,baseline,0,3,73,0,0.0,117,0,1,0
baseline_n50_s4,baseline,0,4,73,0,0.0,92,0,1,0
baseline_n50_s4,baseline,0,5,73,0,0.0,79,0,1,0
baseline_n50_s4,baseline,0,6,72,0,0.0,115,0,1,0
baseline_n50_s4,baseline,0,7,75,0,0.0,124,0,1,0
baseline_n50_s4,baseline,0,8,75,0,0.0,105,0,1,0
baseline_n50_s4,baseline,0,9,72,0,0.0,44,0,1,0
baseline_n50_s4,baseline,0,10,73,0,0.0,74,0,1,0
baseline_n50_s4,baseline,0,11,73,0,0.0,82,0,1,0
baseline_n50_s4,baseline,0,12,75,0,0.0,124,0,1,0
baseline_n50_s4,baseline,0,13,73,0,0.0,80,0,1,0
baseline_n50_s4,baseline,0,14,72,0,0.0,48,0,1,0
baseline_n50_s4,baseline,0,15,72,0,0.0,137,0,1,0
baseline_n50_s4,baseline,0,16,74,0,0.0,147,0,1,0
baseline_n50_s4,baseline,0,17,73,0,0.0,128,0,1,0
baseline_n50_s4,baseline,0,18,73,0,0.0,68,0,1,0
baseline_n50_s4,baseline,0,19,403,0,0.0,154,0,1,0
baseline_n50_s4,baseline,0,20,73,0,0.0,72,0,1,0
baseline_n50_s4,baseline,0,21,72,0,0.0,74,0,1,0
baseline_n50_s4,baseline,0,22,74,0,0.0,142,0,1,0
baseline_n50_s4,baseline,0,23,184,0,0.0,143,0,1,0
baseline_n50_s4,baseline,0,24,75,0,0.0,122,0,1,0
baseline_n50_s4,baseline,0,25,74,0,0.0,64,0,1,0
baseline_n50_s4,baseline,0,26,73,0,0.0,81,0,1,0
baseline_n50_s4,baseline,0,27,404,0,0.0,124,0,1,0
baseline_n50_s4,baseline,0,28,182,0,0.0,158,0,1,0
baseline_n50_s4,baseline,0,29,74,0,0.0,44,0,1,0
baseline_n50_s4,baseline,0,30,181,0,0.0,144,0,1,0
baseline_n50_s4,baseline,0,31,74,0,0.0,139,0,1,0
baseline_n50_s4,baseline,0,32,402,0,0.0,92,0,1,0
baseline_n50_s4,baseline,0,33,73,0,0.0,114,0,1,0
baseline_n50_s4,baseline,0,34,73,0,0.0,52,0,1,0
baseline_n50_s4,baseline,0,35,70,0,0.0,85,0,1,0
baseline_n50_s4,baseline,0,36,181,0,0.0,117,0,1,0
baseline_n50_s4,baseline,0,37,404,0,0.0,185,0,1,0
baseline_n50_s4,baseline,0,38,409,0,0.0,151,0,1,0
baseline_n50_s4,baseline,0,39,74,0,0.0,56,0,1,0
baseline_n50_s4,baseline,0,40,73,0,0.0,55,0,1,0
baseline_n50_s4,baseline,0,41,73,0,0.0,89,0,1,0
baseline_n50_s4,baseline,0,42,73,0,0.0,72,0,1,0
baseline_n50_s4,baseline,0,43,74,0,0.0,74,0,1,0
baseline_n50_s4,baseline,0,44,75,0,0.0,54,0,1,0
baseline_n50_s4,baseline,0,45,955,0,0.0,135,0,1,0
baseline_n50_s4,baseline,0,46,74,0,0.0,154,0,1,0
baseline_n50_s4,baseline,0,47,74,0,0.0,110,0,1,0
baseline_n50_s4,baseline,0,48,76,0,0.0,42,0,1,0
baseline_n50_s4,baseline,0,49,73,0,0.0,88,0,1,0
baseline_n50_s4,baseline,0,50,74,0,0.0,77,0,1,0
baseline_n50_s4,baseline,0,51,630,0,0.0,146,0,1,0
attack_n50_s2_d90,attack,90,1,2327,0,0.0,172,50,0,0
attack_n50_s2_d90,attack,90,2,73,0,0.0,52,0,1,0
attack_n50_s2_d90,attack,90,4,72,0,0.0,38,0,1,0
attack_n50_s2_d90,attack,90,5,74,0,0.0,106,0,1,0
attack_n50_s2_d90,attack,90,6,758,0,0.0,168,0,1,0
attack_n50_s2_d90,attack,90,7,75,0,0.0,154,0,1,0
attack_n50_s2_d90,attack,90,8,86,0,0.0,99,0,1,0
attack_n50_s2_d90,attack,90,9,82,0,0.0,117,0,1,0
attack_n50_s2_d90,attack,90,10,72,0,0.0,77,0,1,0
attack_n50_s2_d90,attack,90,11,73,0,0.0,77,0,1,0
attack_n50_s2_d90,attack,90,12,74,0,0.0,115,0,1,0
attack_n50_s2_d90,attack,90,13,72,0,0.0,35,0,1,0
attack_n50_s2_d90,attack,90,14,184,0,0.0,142,0,1,0
attack_n50_s2_d90,attack,90,15,71,0,0.0,56,0,1,0
attack_n50_s2_d90,attack,90,16,75,0,0.0,106,0,1,0
attack_n50_s2_d90,attack,90,18,72,0,0.0,47,0,1,0
attack_n50_s2_d90,attack,90,19,75,0,0.0,88,0,1,0
attack_n50_s2_d90,attack,90,20,72,0,0.0,74,0,1,0
attack_n50_s2_d90,attack,90,22,72,0,0.0,90,0,1,0
attack_n50_s2_d90,attack,90,23,73,0,0.0,104,0,1,0
attack_n50_s2_d90,attack,90,24,74,0,0.0,104,0,1,0
attack_n50_s2_d90,attack,90,25,72,0,0.0,126,0,1,0
attack_n50_s2_d90,attack,90,27,71,0,0.0,53,0,1,0
attack_n50_s2_d90,attack,90,29,73,0,0.0,54,0,1,0
attack_n50_s2_d90,attack,90,30,296,0,0.0,182,0,1,0
attack_n50_s2_d90,attack,90,32,75,0,0.0,108,0,1,0
attack_n50_s2_d90,attack,90,33,73,0,0.0,87,0,1,0
attack_n50_s2_d90,attack,90,34,853,0,0.0,159,0,1,0
attack_n50_s2_d90,attack,90,35,73,0,0.0,57,0,1,0
attack_n50_s2_d90,attack,90,36,73,0,0.0,97,0,1,0
attack_n50_s2_d90,attack,90,38,72,0,0.0,108,0,1,0
attack_n50_s2_d90,attack,90,40,294,0,0.0,182,0,1,0
attack_n50_s2_d90,attack,90,41,87,0,0.0,90,0,1,0
attack_n50_s2_d90,attack,90,42,72,0,0.0,90,0,1,0
attack_n50_s2_d90,attack,90,43,73,0,0.0,78,0,1,0
attack_n50_s2_d90,attack,90,44,71,0,0.0,63,0,1,0
attack_n50_s2_d90,attack,90,45,72,0,0.0,70,0,1,0
attack_n50_s2_d90,attack,90,47,75,0,0.0,96,0,1,0
attack_n50_s2_d90,attack,90,48,643,0,0.0,187,0,1,0
attack_n50_s2_d90,attack,90,49,402,0,0.0,109,0,1,0
attack_n50_s2_d90,attack,90,50,73,0,0.0,90,0,1,0
attack_n50_s2_d90,attack,90,51,71,0,0.0,75,0,1,0
attack_n50_s2_d90,attack,90,3,74,64,0.8648648648648649,111,0,1,1
attack_n50_s2_d90,attack,90,17,80,70,0.875,80,0,4,1
attack_n50_s2_d90,attack,90,21,86,76,0.8837209302325582,58,0,11,1
attack_n50_s2_d90,attack,90,26,74,69,0.9324324324324325,153,0,1,1
attack_n50_s2_d90,attack,90,28,86,75,0.872093023255814,56,0,7,1
attack_n50_s2_d90,attack,90,31,77,71,0.922077922077922,22,0,3,1
attack_n50_s2_d90,attack,90,37,79,72,0.9113924050632911,81,0,4,1
attack_n50_s2_d90,attack,90,39,82,75,0.9146341463414634,47,0,9,1
attack_n50_s2_d90,attack,90,46,101,93,0.9207920792079208,117,0,11,1
attack_n100_s4_d90,attack,90,1,4680,0,0.0,305,109,0,0
attack_n100_s4_d90,attack,90,2,82,0,0.0,248,0,1,0
attack_n100_s4_d90,attack,90,3,73,0,0.0,240,0,1,0
attack_n100_s4_d90,attack,90,4,76,0,0.0,201,0,1,0
attack_n100_s4_d90,attack,90,5,82,0,0.0,271,0,1,0
attack_n100_s4_d90,attack,90,8,75,0,0.0,153,0,1,0
attack_n100_s4_d90,attack,90,9,79,0,0.0,193,0,1,0
attack_n100_s4_d90,attack,90,11,84,0,0.0,236,0,1,0
attack_n100_s4_d90,attack,90,12,71,0,0.0,82,0,1,0
attack_n100_s4_d90,attack,90,13,82,0,0.0,261,0,1,0
attack_n100_s4_d90,attack,90,14,84,0,0.0,126,0,1,0
attack_n100_s4_d90,attack,90,15,74,0,0.0,199,0,1,0
attack_n100_s4_d90,attack,90,16,82,0,0.0,280,0,1,0
attack_n100_s4_d90,attack,90,17,73,0,0.0,88,0,1,0
attack_n100_s4_d90,attack,90,18,894,0,0.0,317,0,1,0
attack_n100_s4_d90,attack,90,19,74,0,0.0,223,0,1,0
attack_n100_s4_d90,attack,90,20,71,0,0.0,193,0,1,0
attack_n100_s4_d90,attack,90,21,81,0,0.0,229,0,1,0
attack_n100_s4_d90,attack,90,23,738,0,0.0,230,0,1,0
attack_n100_s4_d90,attack,90,24,75,0,0.0,241,0,1,0
attack_n100_s4_d90,attack,90,25,82,0,0.0,266,0,1,0
attack_n100_s4_d90,attack,90,26,74,0,0.0,226,0,1,0
attack_n100_s4_d90,attack,90,27,75,0,0.0,229,0,1,0
attack_n100_s4_d90,attack,90,28,86,0,0.0,263,0,1,0
attack_n100_s4_d90,attack,90,29,73,0,0.0,71,0,1,0
attack_n100_s4_d90,attack,90,30,74,0,0.0,129,0,1,0
attack_n100_s4_d90,attack,90,31,75,0,0.0,196,0,1,0
attack_n100_s4_d90,attack,90,34,74,0,0.0,221,0,1,0
attack_n100_s4_d90,attack,90,35,100,0,0.0,85,0,1,0
attack_n100_s4_d90,attack,90,36,193,0,0.0,255,0,1,0
attack_n100_s4_d90,attack,90,37,75,0,0.0,168,0,1,0
attack_n100_s4_d90,attack,90,38,140,0,0.0,177,0,1,0
attack_n100_s4_d90,attack,90,40,295,0,0.0,183,0,1,0
attack_n100_s4_d90,attack,90,41,73,0,0.0,85,0,1,0
attack_n100_s4_d90,attack,90,42,82,0,0.0,229,0,1,0
attack_n100_s4_d90,attack,90,43,204,0,0.0,294,0,1,0
attack_n100_s4_d90,attack,90,44,742,0,0.0,373,0,1,0
attack_n100_s4_d90,attack,90,46,854,0,0.0,290,0,1,0
attack_n100_s4_d90,attack,90,48,74,0,0.0,106,0,1,0
attack_n100_s4_d90,attack,90,49,81,0,0.0,184,0,1,0
attack_n100_s4_d90,attack,90,51,81,0,0.0,246,0,1,0
attack_n100_s4_d90,attack,90,52,83,0,0.0,223,0,1,0
attack_n100_s4_d90,attack,90,53,80,0,0.0,258,0,1,0
attack_n100_s4_d90,attack,90,54,81,0,0.0,133,0,1,0
attack_n100_s4_d90,attack,90,55,84,0,0.0,262,0,1,0
attack_n100_s4_d90,attack,90,56,85,0,0.0,275,0,1,0
attack_n100_s4_d90,attack,90,57,70,0,0.0,202,0,1,0
attack_n100_s4_d90,attack,90,58,71,0,0.0,98,0,1,0
attack_n100_s4_d90,attack,90,59,81,0,0.0,209,0,1,0
attack_n100_s4_d90,attack,90,60,80,0,0.0,222,0,1,0
attack_n100_s4_d90,attack,90,61,782,0,0.0,282,0,1,0
attack_n100_s4_d90,attack,90,62,79,0,0.0,239,0,1,0
attack_n100_s4_d90,attack,90,63,78,0,0.0,155,0,1,0
attack_n100_s4_d90,attack,90,64,80,0,0.0,218,0,1,0
attack_n100_s4_d90,attack,90,65,81,0,0.0,220,0,1,0
attack_n100_s4_d90,attack,90,66,73,0,0.0,127,0,1,0
attack_n100_s4_d90,attack,90,67,73,0,0.0,172,0,1,0
attack_n100_s4_d90,attack,90,68,71,0,0.0,71,0,1,0
attack_n100_s4_d90,attack,90,70,74,0,0.0,148,0,1,0
attack_n100_s4_d90,attack,90,71,639,0,0.0,261,0,1,0
attack_n100_s4_d90,attack,90,74,72,0,0.0,162,0,1,0
attack_n100_s4_d90,attack,90,75,509,0,0.0,329,0,1,0
attack_n100_s4_d90,attack,90,76,73,0,0.0,189,0,1,0
attack_n100_s4_d90,attack,90,77,75,0,0.0,92,0,1,0
attack_n100_s4_d90,attack,90,78,76,0,0.0,235,0,1,0
attack_n100_s4_d90,attack,90,80,87,0,0.0,204,0,1,0
attack_n100_s4_d90,attack,90,81,83,0,0.0,283,0,1,0
attack_n100_s4_d90,attack,90,82,75,0,0.0,92,0,2,0
attack_n100_s4_d90,attack,90,83,79,0,0.0,206,0,1,0
attack_n100_s4_d90,attack,90,84,77,0,0.0,234,0,1,0
attack_n100_s4_d90,attack,90,85,74,0,0.0,137,0,1,0
attack_n100_s4_d90,attack,90,88,193,0,0.0,288,0,1,0
attack_n100_s4_d90,attack,90,89,82,0,0.0,258,0,1,0
attack_n100_s4_d90,attack,90,90,73,0,0.0,201,0,1,0
attack_n100_s4_d90,attack,90,91,74,0,0.0,100,0,1,0
attack_n100_s4_d90,attack,90,92,82,0,0.0,223,0,1,0
attack_n100_s4_d90,attack,90,93,665,0,0.0,213,0,1,0
attack_n100_s4_d90,attack,90,94,768,0,0.0,343,0,1,0
attack_n100_s4_d90,attack,90,96,76,0,0.0,264,0,1,0
attack_n100_s4_d90,attack,90,98,82,0,0.0,316,0,1,0
attack_n100_s4_d90,attack,90,99,72,0,0.0,74,0,1,0
attack_n100_s4_d90,attack,90,100,72,0,0.0,65,0,1,0
attack_n100_s4_d90,attack,90,101,84,0,0.0,158,0,1,0
attack_n100_s4_d90,attack,90,6,85,79,0.9294117647058824,113,0,7,1
attack_n100_s4_d90,attack,90,7,79,70,0.8860759493670886,86,0,6,1
attack_n100_s4_d90,attack,90,10,82,68,0.8292682926829268,257,0,1,1
attack_n100_s4_d90,attack,90,22,85,75,0.8823529411764706,239,0,1,1
attack_n100_s4_d90,attack,90,32,77,70,0.9090909090909091,251,0,1,1
attack_n100_s4_d90,attack,90,33,99,87,0.8787878787878788,257,0,18,1
attack_n100_s4_d90,attack,90,39,99,92,0.9292929292929293,223,0,11,1
attack_n100_s4_d90,attack,90,45,72,64,0.8888888888888888,49,0,7,1
attack_n100_s4_d90,attack,90,47,85,79,0.9294117647058824,79,0,5,1
attack_n100_s4_d90,attack,90,50,85,76,0.8941176470588236,271,0,3,1
attack_n100_s4_d90,attack,90,69,90,82,0.9111111111111111,230,0,7,1
attack_n100_s4_d90,attack,90,72,88,70,0.7954545454545454,113,0,9,1
attack_n100_s4_d90,attack,90,73,75,68,0.9066666666666666,231,0,1,1
attack_n100_s4_d90,attack,90,79,94,83,0.8829787234042553,274,0,7,1
attack_n100_s4_d90,attack,90,86,102,91,0.8921568627450981,211,0,11,1
attack_n100_s4_d90,attack,90,87,101,93,0.9207920792079208,186,0,17,1
attack_n100_s4_d90,attack,90,95,75,66,0.88,244,0,1,1
attack_n100_s4_d90,attack,90,97,87,79,0.9080459770114943,269,0,5,1
attack_n100_s5_d90,attack,90,1,4686,0,0.0,382,108,0,0
attack_n100_s5_d90,attack,90,2,420,0,0.0,287,0,1,0
attack_n100_s5_d90,attack,90,3,74,0,0.0,167,0,1,0
attack_n100_s5_d90,attack,90,4,74,0,0.0,191,0,1,0
attack_n100_s5_d90,attack,90,5,90,0,0.0,149,0,1,0
attack_n100_s5_d90,attack,90,8,75,0,0.0,157,0,1,0
attack_n100_s5_d90,attack,90,9,74,0,0.0,67,0,1,0
attack_n100_s5_d90,attack,90,11,77,0,0.0,177,0,1,0
attack_n100_s5_d90,attack,90,12,78,0,0.0,276,0,1,0
attack_n100_s5_d90,attack,90,13,74,0,0.0,86,0,2,0
attack_n100_s5_d90,attack,90,14,78,0,0.0,228,0,1,0
attack_n100_s5_d90,attack,90,15,76,0,0.0,106,0,1,0
attack_n100_s5_d90,attack,90,16,75,0,0.0,107,0,1,0
attack_n100_s5_d90,attack,90,17,79,0,0.0,147,0,1,0
attack_n100_s5_d90,attack,90,18,77,0,0.0,144,0,1,0
attack_n100_s5_d90,attack,90,19,73,0,0.0,184,0,1,0
attack_n100_s5_d90,attack,90,20,72,0,0.0,122,0,1,0
attack_n100_s5_d90,attack,90,21,78,0,0.0,199,0,1,0
attack_n100_s5_d90,attack,90,23,303,0,0.0,351,0,1,0
attack_n100_s5_d90,attack,90,24,78,0,0.0,179,0,1,0
attack_n100_s5_d90,attack,90,25,72,0,0.0,192,0,1,0
attack_n100_s5_d90,attack,90,26,76,0,0.0,115,0,1,0
attack_n100_s5_d90,attack,90,27,73,0,0.0,150,0,1,0
attack_n100_s5_d90,attack,90,28,73,0,0.0,90,0,1,0
attack_n100_s5_d90,attack,90,29,652,0,0.0,320,0,1,0
attack_n100_s5_d90,attack,90,30,73,0,0.0,141,0,1,0
attack_n100_s5_d90,attack,90,31,198,0,0.0,220,0,1,0
attack_n100_s5_d90,attack,90,34,193,0,0.0,173,0,1,0
attack_n100_s5_d90,attack,90,35,1184,0,0.0,331,0,1,0
attack_n100_s5_d90,attack,90,36,292,0,0.0,127,0,1,0
attack_n100_s5_d90,attack,90,37,74,0,0.0,51,0,1,0
attack_n100_s5_d90,attack,90,38,71,0,0.0,207,0,1,0
attack_n100_s5_d90,attack,90,40,77,0,0.0,183,0,1,0
attack_n100_s5_d90,attack,90,41,79,0,0.0,309,0,1,0
attack_n100_s5_d90,attack,90,42,71,0,0.0,48,0,1,0
attack_n100_s5_d90,attack,90,43,77,0,0.0,166,0,1,0
attack_n100_s5_d90,attack,90,44,78,0,0.0,260,0,1,0
attack_n100_s5_d90,attack,90,46,72,0,0.0,159,0,1,0
attack_n100_s5_d90,attack,90,48,182,0,0.0,235,0,1,0
attack_n100_s5_d90,attack,90,49,190,0,0.0,285,0,1,0
attack_n100_s5_d90,attack,90,51,79,0,0.0,212,0,1,0
attack_n100_s5_d90,attack,90,52,74,0,0.0,202,0,1,0
attack_n100_s5_d90,attack,90,53,76,0,0.0,138,0,1,0
attack_n100_s5_d90,attack,90,54,72,0,0.0,139,0,1,0
attack_n100_s5_d90,attack,90,55,80,0,0.0,244,0,1,0
attack_n100_s5_d90,attack,90,56,80,0,0.0,260,0,1,0
attack_n100_s5_d90,attack,90,57,181,0,0.0,213,0,1,0
attack_n100_s5_d90,attack,90,58,74,0,0.0,162,0,1,0
attack_n100_s5_d90,attack,90,59,75,0,0.0,121,0,1,0
attack_n100_s5_d90,attack,90,60,74,0,0.0,194,0,1,0
attack_n100_s5_d90,attack,90,61,182,0,0.0,93,0,1,0
attack_n100_s5_d90,attack,90,62,71,0,0.0,77,0,1,0
attack_n100_s5_d90,attack,90,63,524,0,0.0,224,0,1,0
attack_n100_s5_d90,attack,90,64,322,0,0.0,290,0,1,0
attack_n100_s5_d90,attack,90,65,73,0,0.0,211,0,1,0
attack_n100_s5_d90,attack,90,66,78,0,0.0,153,0,1,0
attack_n100_s5_d90,attack,90,67,73,0,0.0,152,0,1,0
attack_n100_s5_d90,attack,90,68,73,0,0.0,94,0,1,0
attack_n100_s5_d90,attack,90,70,73,0,0.0,185,0,1,0
attack_n100_s5_d90,attack,90,71,195,0,0.0,260,0,1,0
attack_n100_s5_d90,attack,90,74,165,0,0.0,153,0,1,0
attack_n100_s5_d90,attack,90,75,79,0,0.0,184,0,1,0
attack_n100_s5_d90,attack,90,76,73,0,0.0,262,0,1,0
attack_n100_s5_d90,attack,90,77,72,0,0.0,125,0,1,0
attack_n100_s5_d90,attack,90,78,73,0,0.0,79,0,1,0
attack_n100_s5_d90,attack,90,80,81,0,0.0,312,0,1,0
attack_n100_s5_d90,attack,90,81,842,0,0.0,203,0,1,0
attack_n100_s5_d90,attack,90,82,77,0,0.0,137,0,1,0
attack_n100_s5_d90,attack,90,83,79,0,0.0,226,0,1,0
attack_n100_s5_d90,attack,90,84,74,0,0.0,136,0,1,0
attack_n100_s5_d90,attack,90,85,79,0,0.0,199,0,1,0
attack_n100_s5_d90,attack,90,88,71,0,0.0,135,0,1,0
attack_n100_s5_d90,attack,90,89,89,0,0.0,197,0,1,0
attack_n100_s5_d90,attack,90,90,292,0,0.0,325,0,1,0
attack_n100_s5_d90,attack,90,91,628,0,0.0,278,0,1,0
attack_n100_s5_d90,attack,90,92,758,0,0.0,321,0,1,0
attack_n100_s5_d90,attack,90,93,80,0,0.0,298,0,1,0
attack_n100_s5_d90,attack,90,94,74,0,0.0,262,0,1,0
attack_n100_s5_d90,attack,90,96,75,0,0.0,245,0,1,0
attack_n100_s5_d90,attack,90,98,78,0,0.0,207,0,1,0
attack_n100_s5_d90,attack,90,99,77,0,0.0,282,0,1,0
attack_n100_s5_d90,attack,90,100,72,0,0.0,141,0,1,0
attack_n100_s5_d90,attack,90,101,293,0,0.0,313,0,1,0
attack_n100_s5_d90,attack,90,6,83,75,0.9036144578313253,317,0,3,1
attack_n100_s5_d90,attack,90,7,86,74,0.8604651162790697,264,0,3,1
attack_n100_s5_d90,attack,90,10,79,68,0.8607594936708861,316,0,1,1
attack_n100_s5_d90,attack,90,22,78,72,0.9230769230769231,225,0,3,1
attack_n100_s5_d90,attack,90,32,114,106,0.9298245614035088,281,0,27,1
attack_n100_s5_d90,attack,90,33,88,80,0.9090909090909091,217,0,8,1
attack_n100_s5_d90,attack,90,39,95,86,0.9052631578947369,104,0,9,1
attack_n100_s5_d90,attack,90,45,79,69,0.8734177215189873,275,0,1,1
attack_n100_s5_d90,attack,90,47,97,84,0.865979381443299,208,0,12,1
attack_n100_s5_d90,attack,90,50,73,64,0.8767123287671232,68,0,1,1
attack_n100_s5_d90,attack,90,69,76,68,0.8947368421052632,266,0,1,1
attack_n100_s5_d90,attack,90,72,93,80,0.8602150537634409,134,0,13,1
attack_n100_s5_d90,attack,90,73,74,69,0.9324324324324325,219,0,1,1
attack_n100_s5_d90,attack,90,79,80,74,0.925,240,0,1,1
attack_n100_s5_d90,attack,90,86,97,86,0.8865979381443299,261,0,9,1
attack_n100_s5_d90,attack,90,87,111,100,0.9009009009009009,258,0,18,1
attack_n100_s5_d90,attack,90,95,73,62,0.8493150684931506,86,0,1,1
attack_n100_s5_d90,attack,90,97,81,73,0.9012345679012346,314,0,1,1
baseline_n20_s4,baseline,0,1,1108,0,0.0,56,20,0,0
baseline_n20_s4,baseline,0,2,75,0,0.0,50,0,1,0
baseline_n20_s4,baseline,0,3,73,0,0.0,45,0,1,0
baseline_n20_s4,baseline,0,4,72,0,0.0,22,0,1,0
baseline_n20_s4,baseline,0,5,72,0,0.0,49,0,1,0
baseline_n20_s4,baseline,0,6,182,0,0.0,49,0,1,0
baseline_n20_s4,baseline,0,7,188,0,0.0,77,0,1,0
baseline_n20_s4,baseline,0,8,73,0,0.0,39,0,1,0
baseline_n20_s4,baseline,0,9,66,0,0.0,8,0,1,0
baseline_n20_s4,baseline,0,10,71,0,0.0,48,0,1,0
baseline_n20_s4,baseline,0,11,72,0,0.0,46,0,1,0
baseline_n20_s4,baseline,0,12,290,0,0.0,37,0,1,0
baseline_n20_s4,baseline,0,13,73,0,0.0,54,0,1,0
baseline_n20_s4,baseline,0,14,69,0,0.0,14,0,1,0
baseline_n20_s4,baseline,0,15,719,0,0.0,73,0,1,0
baseline_n20_s4,baseline,0,16,185,0,0.0,80,0,1,0
baseline_n20_s4,baseline,0,17,73,0,0.0,61,0,1,0
baseline_n20_s4,baseline,0,18,70,0,0.0,37,0,1,0
baseline_n20_s4,baseline,0,19,620,0,0.0,72,0,1,0
baseline_n20_s4,baseline,0,20,71,0,0.0,42,0,1,0
baseline_n20_s4,baseline,0,21,178,0,0.0,55,0,1,0
baseline_n100_s3,baseline,0,1,5615,0,0.0,399,111,0,0
baseline_n100_s3,baseline,0,2,75,0,0.0,189,0,1,0
baseline_n100_s3,baseline,0,3,74,0,0.0,189,0,1,0
baseline_n100_s3,baseline,0,4,74,0,0.0,172,0,1,0
baseline_n100_s3,baseline,0,5,72,0,0.0,41,0,1,0
baseline_n100_s3,baseline,0,6,74,0,0.0,161,0,1,0
baseline_n100_s3,baseline,0,7,73,0,0.0,130,0,1,0
baseline_n100_s3,baseline,0,8,73,0,0.0,187,0,1,0
baseline_n100_s3,baseline,0,9,72,0,0.0,193,0,1,0
baseline_n100_s3,baseline,0,10,74,0,0.0,178,0,2,0
baseline_n100_s3,baseline,0,11,75,0,0.0,223,0,1,0
baseline_n100_s3,baseline,0,12,72,0,0.0,140,0,1,0
baseline_n100_s3,baseline,0,13,74,0,0.0,230,0,1,0
baseline_n100_s3,baseline,0,14,72,0,0.0,143,0,1,0
baseline_n100_s3,baseline,0,15,73,0,0.0,163,0,1,0
baseline_n100_s3,baseline,0,16,73,0,0.0,161,0,1,0
baseline_n100_s3,baseline,0,17,73,0,0.0,169,0,1,0
baseline_n100_s3,baseline,0,18,299,0,0.0,189,0,1,0
baseline_n100_s3,baseline,0,19,73,0,0.0,131,0,1,0
baseline_n100_s3,baseline,0,20,73,0,0.0,149,0,1,0
baseline_n100_s3,baseline,0,21,74,0,0.0,138,0,1,0
baseline_n100_s3,baseline,0,22,74,0,0.0,143,0,1,0
baseline_n100_s3,baseline,0,23,75,0,0.0,313,0,1,0
baseline_n100_s3,baseline,0,24,75,0,0.0,277,0,1,0
baseline_n100_s3,baseline,0,25,186,0,0.0,213,0,1,0
baseline_n100_s3,baseline,0,26,74,0,0.0,169,0,1,0
baseline_n100_s3,baseline,0,27,71,0,0.0,154,0,1,0
baseline_n100_s3,baseline,0,28,74,0,0.0,97,0,1,0
baseline_n100_s3,baseline,0,29,73,0,0.0,192,0,1,0
baseline_n100_s3,baseline,0,30,72,0,0.0,98,0,1,0
baseline_n100_s3,baseline,0,31,74,0,0.0,152,0,1,0
baseline_n100_s3,baseline,0,32,71,0,0.0,198,0,1,0
baseline_n100_s3,baseline,0,33,74,0,0.0,191,0,1,0
baseline_n100_s3,baseline,0,34,74,0,0.0,153,0,1,0
baseline_n100_s3,baseline,0,35,75,0,0.0,94,0,1,0
baseline_n100_s3,baseline,0,36,72,0,0.0,86,0,1,0
baseline_n100_s3,baseline,0,37,73,0,0.0,214,0,1,0
baseline_n100_s3,baseline,0,38,399,0,0.0,178,0,1,0
baseline_n100_s3,baseline,0,39,71,0,0.0,129,0,1,0
baseline_n100_s3,baseline,0,40,72,0,0.0,160,0,1,0
baseline_n100_s3,baseline,0,41,74,0,0.0,290,0,1,0
baseline_n100_s3,baseline,0,42,73,0,0.0,90,0,1,0
baseline_n100_s3,baseline,0,43,73,0,0.0,130,0,1,0
baseline_n100_s3,baseline,0,44,72,0,0.0,166,0,1,0
baseline_n100_s3,baseline,0,45,73,0,0.0,153,0,1,0
baseline_n100_s3,baseline,0,46,74,0,0.0,179,0,1,0
baseline_n100_s3,baseline,0,47,72,0,0.0,195,0,1,0
baseline_n100_s3,baseline,0,48,71,0,0.0,45,0,1,0
baseline_n100_s3,baseline,0,49,74,0,0.0,95,0,1,0
baseline_n100_s3,baseline,0,50,75,0,0.0,175,0,2,0
baseline_n100_s3,baseline,0,51,73,0,0.0,222,0,1,0
baseline_n100_s3,baseline,0,52,74,0,0.0,254,0,1,0
baseline_n100_s3,baseline,0,53,74,0,0.0,273,0,1,0
baseline_n100_s3,baseline,0,54,73,0,0.0,145,0,1,0
baseline_n100_s3,baseline,0,55,73,0,0.0,211,0,1,0
baseline_n100_s3,baseline,0,56,75,0,0.0,201,0,1,0
baseline_n100_s3,baseline,0,57,72,0,0.0,139,0,1,0
baseline_n100_s3,baseline,0,58,73,0,0.0,157,0,1,0
baseline_n100_s3,baseline,0,59,75,0,0.0,208,0,1,0
baseline_n100_s3,baseline,0,60,75,0,0.0,88,0,1,0
baseline_n100_s3,baseline,0,61,72,0,0.0,164,0,1,0
baseline_n100_s3,baseline,0,62,74,0,0.0,287,0,1,0
baseline_n100_s3,baseline,0,63,2379,0,0.0,366,0,1,0
baseline_n100_s3,baseline,0,64,578,0,0.0,264,0,1,0
baseline_n100_s3,baseline,0,65,71,0,0.0,68,0,1,0
baseline_n100_s3,baseline,0,66,73,0,0.0,135,0,1,0
baseline_n100_s3,baseline,0,67,520,0,0.0,247,0,1,0
baseline_n100_s3,baseline,0,68,72,0,0.0,281,0,1,0
baseline_n100_s3,baseline,0,69,186,0,0.0,251,0,1,0
baseline_n100_s3,baseline,0,70,74,0,0.0,192,0,1,0
baseline_n100_s3,baseline,0,71,74,0,0.0,209,0,1,0
baseline_n100_s3,baseline,0,72,74,0,0.0,140,0,1,0
baseline_n100_s3,baseline,0,73,1006,0,0.0,250,0,1,0
baseline_n100_s3,baseline,0,74,187,0,0.0,232,0,1,0
baseline_n100_s3,baseline,0,75,71,0,0.0,222,0,1,0
baseline_n100_s3,baseline,0,76,181,0,0.0,182,0,1,0
baseline_n100_s3,baseline,0,77,72,0,0.0,155,0,1,0
baseline_n100_s3,baseline,0,78,76,0,0.0,207,0,1,0
baseline_n100_s3,baseline,0,79,513,0,0.0,224,0,1,0
baseline_n100_s3,baseline,0,80,71,0,0.0,182,0,1,0
baseline_n100_s3,baseline,0,81,74,0,0.0,200,0,1,0
baseline_n100_s3,baseline,0,82,72,0,0.0,163,0,1,0
baseline_n100_s3,baseline,0,83,74,0,0.0,144,0,1,0
baseline_n100_s3,baseline,0,84,74,0,0.0,259,0,1,0
baseline_n100_s3,baseline,0,85,74,0,0.0,148,0,1,0
baseline_n100_s3,baseline,0,86,75,0,0.0,154,0,1,0
baseline_n100_s3,baseline,0,87,300,0,0.0,273,0,1,0
baseline_n100_s3,baseline,0,88,183,0,0.0,283,0,1,0
baseline_n100_s3,baseline,0,89,73,0,0.0,145,0,1,0
baseline_n100_s3,baseline,0,90,74,0,0.0,220,0,1,0
baseline_n100_s3,baseline,0,91,73,0,0.0,221,0,1,0
baseline_n100_s3,baseline,0,92,73,0,0.0,243,0,1,0
baseline_n100_s3,baseline,0,93,72,0,0.0,167,0,1,0
baseline_n100_s3,baseline,0,94,71,0,0.0,42,0,1,0
baseline_n100_s3,baseline,0,95,73,0,0.0,88,0,1,0
baseline_n100_s3,baseline,0,96,72,0,0.0,118,0,2,0
baseline_n100_s3,baseline,0,97,73,0,0.0,173,0,1,0
baseline_n100_s3,baseline,0,98,72,0,0.0,174,0,1,0
baseline_n100_s3,baseline,0,99,76,0,0.0,268,0,1,0
baseline_n100_s3,baseline,0,100,726,0,0.0,248,0,1,0
baseline_n100_s3,baseline,0,101,73,0,0.0,120,0,1,0
attack_n20_s2_d30,attack,30,1,1046,0,0.0,77,20,0,0
attack_n20_s2_d30,attack,30,2,72,0,0.0,29,0,1,0
attack_n20_s2_d30,attack,30,3,72,0,0.0,24,0,1,0
attack_n20_s2_d30,attack,30,4,397,0,0.0,65,0,1,0
attack_n20_s2_d30,attack,30,5,152,0,0.0,63,0,1,0
attack_n20_s2_d30,attack,30,6,414,0,0.0,79,0,1,0
attack_n20_s2_d30,attack,30,7,74,0,0.0,53,0,1,0
attack_n20_s2_d30,attack,30,8,75,0,0.0,68,0,1,0
attack_n20_s2_d30,attack,30,9,180,0,0.0,37,0,1,0
attack_n20_s2_d30,attack,30,12,71,0,0.0,22,0,1,0
attack_n20_s2_d30,attack,30,14,505,0,0.0,82,0,1,0
attack_n20_s2_d30,attack,30,15,71,0,0.0,27,0,1,0
attack_n20_s2_d30,attack,30,16,74,0,0.0,75,0,1,0
attack_n20_s2_d30,attack,30,17,67,0,0.0,13,0,1,0
attack_n20_s2_d30,attack,30,18,513,0,0.0,61,0,1,0
attack_n20_s2_d30,attack,30,19,284,0,0.0,37,0,1,0
attack_n20_s2_d30,attack,30,20,74,0,0.0,64,0,1,0
attack_n20_s2_d30,attack,30,21,72,0,0.0,22,0,1,0
attack_n20_s2_d30,attack,30,10,72,22,0.3055555555555556,43,0,1,1
attack_n20_s2_d30,attack,30,11,74,14,0.1891891891891892,48,0,1,1
attack_n20_s2_d30,attack,30,13,167,52,0.31137724550898205,64,0,1,1
baseline_n20_s3,baseline,0,1,1048,0,0.0,69,19,0,0
baseline_n20_s3,baseline,0,2,813,0,0.0,56,0,1,0
baseline_n20_s3,baseline,0,3,75,0,0.0,49,0,1,0
baseline_n20_s3,baseline,0,4,369,0,0.0,39,0,1,0
baseline_n20_s3,baseline,0,5,22,0,0.0,0,0,0,0
baseline_n20_s3,baseline,0,6,73,0,0.0,28,0,1,0
baseline_n20_s3,baseline,0,7,73,0,0.0,26,0,1,0
baseline_n20_s3,baseline,0,8,294,0,0.0,40,0,1,0
baseline_n20_s3,baseline,0,9,71,0,0.0,29,0,1,0
baseline_n20_s3,baseline,0,10,74,0,0.0,44,0,1,0
baseline_n20_s3,baseline,0,11,184,0,0.0,84,0,1,0
baseline_n20_s3,baseline,0,12,70,0,0.0,26,0,1,0
baseline_n20_s3,baseline,0,13,75,0,0.0,72,0,1,0
baseline_n20_s3,baseline,0,14,476,0,0.0,26,0,1,0
baseline_n20_s3,baseline,0,15,73,0,0.0,25,0,1,0
baseline_n20_s3,baseline,0,16,76,0,0.0,46,0,1,0
baseline_n20_s3,baseline,0,17,73,0,0.0,48,0,1,0
baseline_n20_s3,baseline,0,18,408,0,0.0,78,0,1,0
baseline_n20_s3,baseline,0,19,74,0,0.0,47,0,1,0
baseline_n20_s3,baseline,0,20,68,0,0.0,26,0,1,0
baseline_n20_s3,baseline,0,21,588,0,0.0,25,0,1,0
attack_n100_s2_d60,attack,60,1,4910,0,0.0,292,113,0,0
attack_n100_s2_d60,attack,60,2,74,0,0.0,75,0,1,0
attack_n100_s2_d60,attack,60,3,71,0,0.0,90,0,1,0
attack_n100_s2_d60,attack,60,4,76,0,0.0,121,0,2,0
attack_n100_s2_d60,attack,60,5,227,0,0.0,229,0,1,0
attack_n100_s2_d60,attack,60,8,184,0,0.0,234,0,1,0
attack_n100_s2_d60,attack,60,9,74,0,0.0,168,0,1,0
attack_n100_s2_d60,attack,60,11,228,0,0.0,266,0,1,0
attack_n100_s2_d60,attack,60,12,73,0,0.0,117,0,1,0
attack_n100_s2_d60,attack,60,13,74,0,0.0,109,0,1,0
attack_n100_s2_d60,attack,60,14,230,0,0.0,194,0,1,0
attack_n100_s2_d60,attack,60,15,71,0,0.0,90,0,1,0
attack_n100_s2_d60,attack,60,16,74,0,0.0,211,0,1,0
attack_n100_s2_d60,attack,60,17,72,0,0.0,126,0,1,0
attack_n100_s2_d60,attack,60,18,75,0,0.0,206,0,1,0
attack_n100_s2_d60,attack,60,19,72,0,0.0,108,0,1,0
attack_n100_s2_d60,attack,60,20,74,0,0.0,152,0,1,0
attack_n100_s2_d60,attack,60,21,74,0,0.0,100,0,1,0
attack_n100_s2_d60,attack,60,23,71,0,0.0,174,0,1,0
attack_n100_s2_d60,attack,60,24,72,0,0.0,119,0,1,0
attack_n100_s2_d60,attack,60,25,74,0,0.0,135,0,1,0
attack_n100_s2_d60,attack,60,26,76,0,0.0,177,0,1,0
attack_n100_s2_d60,attack,60,27,72,0,0.0,101,0,1,0
attack_n100_s2_d60,attack,60,28,71,0,0.0,109,0,1,0
attack_n100_s2_d60,attack,60,29,1120,0,0.0,251,0,1,0
attack_n100_s2_d60,attack,60,30,74,0,0.0,180,0,1,0
attack_n100_s2_d60,attack,60,31,75,0,0.0,126,0,1,0
attack_n100_s2_d60,attack,60,34,73,0,0.0,195,0,1,0
attack_n100_s2_d60,attack,60,35,71,0,0.0,105,0,1,0
attack_n100_s2_d60,attack,60,36,74,0,0.0,169,0,1,0
attack_n100_s2_d60,attack,60,37,76,0,0.0,127,0,1,0
attack_n100_s2_d60,attack,60,38,285,0,0.0,224,0,1,0
attack_n100_s2_d60,attack,60,40,620,0,0.0,236,0,1,0
attack_n100_s2_d60,attack,60,41,76,0,0.0,173,0,1,0
attack_n100_s2_d60,attack,60,42,72,0,0.0,132,0,1,0
attack_n100_s2_d60,attack,60,43,73,0,0.0,117,0,1,0
attack_n100_s2_d60,attack,60,44,70,0,0.0,98,0,1,0
attack_n100_s2_d60,attack,60,46,73,0,0.0,170,0,1,0
attack_n100_s2_d60,attack,60,48,289,0,0.0,218,0,1,0
attack_n100_s2_d60,attack,60,49,281,0,0.0,218,0,1,0
attack_n100_s2_d60,attack,60,51,73,0,0.0,116,0,1,0
attack_n100_s2_d60,attack,60,52,118,0,0.0,155,0,1,0
attack_n100_s2_d60,attack,60,53,73,0,0.0,122,0,1,0
attack_n100_s2_d60,attack,60,54,74,0,0.0,132,0,1,0
attack_n100_s2_d60,attack,60,55,72,0,0.0,121,0,1,0
attack_n100_s2_d60,attack,60,56,75,0,0.0,222,0,1,0
attack_n100_s2_d60,attack,60,57,180,0,0.0,110,0,2,0
attack_n100_s2_d60,attack,60,58,74,0,0.0,114,0,1,0
attack_n100_s2_d60,attack,60,59,74,0,0.0,150,0,1,0
attack_n100_s2_d60,attack,60,60,77,0,0.0,103,0,2,0
attack_n100_s2_d60,attack,60,61,1050,0,0.0,238,0,1,0
attack_n100_s2_d60,attack,60,62,71,0,0.0,110,0,1,0
attack_n100_s2_d60,attack,60,63,74,0,0.0,141,0,1,0
attack_n100_s2_d60,attack,60,64,72,0,0.0,56,0,1,0
attack_n100_s2_d60,attack,60,65,73,0,0.0,81,0,1,0
attack_n100_s2_d60,attack,60,66,77,0,0.0,110,0,2,0
attack_n100_s2_d60,attack,60,67,71,0,0.0,144,0,1,0
attack_n100_s2_d60,attack,60,68,76,0,0.0,127,0,2,0
attack_n100_s2_d60,attack,60,70,72,0,0.0,125,0,1,0
attack_n100_s2_d60,attack,60,71,80,0,0.0,101,0,1,0
attack_n100_s2_d60,attack,60,74,74,0,0.0,118,0,1,0
attack_n100_s2_d60,attack,60,75,75,0,0.0,216,0,1,0
attack_n100_s2_d60,attack,60,76,77,0,0.0,152,0,2,0
attack_n100_s2_d60,attack,60,77,72,0,0.0,103,0,1,0
attack_n100_s2_d60,attack,60,78,73,0,0.0,158,0,1,0
attack_n100_s2_d60,attack,60,80,74,0,0.0,108,0,1,0
attack_n100_s2_d60,attack,60,81,74,0,0.0,106,0,1,0
attack_n100_s2_d60,attack,60,82,74,0,0.0,197,0,1,0
attack_n100_s2_d60,attack,60,83,1168,0,0.0,263,0,1,0
attack_n100_s2_d60,attack,60,84,73,0,0.0,123,0,1,0
attack_n100_s2_d60,attack,60,85,72,0,0.0,118,0,1,0
attack_n100_s2_d60,attack,60,88,75,0,0.0,196,0,1,0
attack_n100_s2_d60,attack,60,89,184,0,0.0,181,0,1,0
attack_n100_s2_d60,attack,60,90,74,0,0.0,113,0,1,0
attack_n100_s2_d60,attack,60,91,76,0,0.0,192,0,1,0
attack_n100_s2_d60,attack,60,92,73,0,0.0,89,0,1,0
attack_n100_s2_d60,attack,60,93,72,0,0.0,88,0,1,0
attack_n100_s2_d60,attack,60,94,73,0,0.0,98,0,1,0
attack_n100_s2_d60,attack,60,96,71,0,0.0,113,0,1,0
attack_n100_s2_d60,attack,60,98,71,0,0.0,105,0,1,0
attack_n100_s2_d60,attack,60,99,72,0,0.0,76,0,1,0
attack_n100_s2_d60,attack,60,100,1213,0,0.0,242,0,1,0
attack_n100_s2_d60,attack,60,101,289,0,0.0,184,0,1,0
attack_n100_s2_d60,attack,60,6,75,46,0.6133333333333333,202,0,1,1
attack_n100_s2_d60,attack,60,7,81,45,0.5555555555555556,196,0,1,1
attack_n100_s2_d60,attack,60,10,73,42,0.5753424657534246,184,0,1,1
attack_n100_s2_d60,attack,60,22,69,41,0.5942028985507246,80,0,1,1
attack_n100_s2_d60,attack,60,32,75,50,0.6666666666666666,157,0,1,1
attack_n100_s2_d60,attack,60,33,74,42,0.5675675675675675,200,0,1,1
attack_n100_s2_d60,attack,60,39,80,50,0.625,121,0,4,1
attack_n100_s2_d60,attack,60,45,69,37,0.5362318840579711,155,0,1,1
attack_n100_s2_d60,attack,60,47,77,50,0.6493506493506493,194,0,1,1
attack_n100_s2_d60,attack,60,50,224,130,0.5803571428571429,209,0,1,1
attack_n100_s2_d60,attack,60,69,73,41,0.5616438356164384,116,0,1,1
attack_n100_s2_d60,attack,60,72,72,38,0.5277777777777778,103,0,1,1
attack_n100_s2_d60,attack,60,73,74,42,0.5675675675675675,187,0,1,1
attack_n100_s2_d60,attack,60,79,86,46,0.5348837209302325,143,0,5,1
attack_n100_s2_d60,attack,60,86,76,39,0.5131578947368421,184,0,1,1
attack_n100_s2_d60,attack,60,87,76,38,0.5,120,0,2,1
attack_n100_s2_d60,attack,60,95,151,89,0.5894039735099338,207,0,1,1
attack_n100_s2_d60,attack,60,97,76,46,0.6052631578947368,118,0,1,1
baseline_n100_s5,baseline,0,1,5623,0,0.0,381,109,0,0
baseline_n100_s5,baseline,0,2,74,0,0.0,246,0,1,0
baseline_n100_s5,baseline,0,3,74,0,0.0,174,0,1,0
baseline_n100_s5,baseline,0,4,73,0,0.0,197,0,1,0
baseline_n100_s5,baseline,0,5,74,0,0.0,137,0,1,0
baseline_n100_s5,baseline,0,6,74,0,0.0,174,0,1,0
baseline_n100_s5,baseline,0,7,75,0,0.0,52,0,2,0
baseline_n100_s5,baseline,0,8,76,0,0.0,160,0,1,0
baseline_n100_s5,baseline,0,9,73,0,0.0,251,0,1,0
baseline_n100_s5,baseline,0,10,72,0,0.0,95,0,1,0
baseline_n100_s5,baseline,0,11,75,0,0.0,161,0,1,0
baseline_n100_s5,baseline,0,12,182,0,0.0,81,0,1,0
baseline_n100_s5,baseline,0,13,72,0,0.0,77,0,1,0
baseline_n100_s5,baseline,0,14,161,0,0.0,119,0,1,0
baseline_n100_s5,baseline,0,15,71,0,0.0,102,0,1,0
baseline_n100_s5,baseline,0,16,76,0,0.0,161,0,1,0
baseline_n100_s5,baseline,0,17,73,0,0.0,141,0,1,0
baseline_n100_s5,baseline,0,18,73,0,0.0,145,0,1,0
baseline_n100_s5,baseline,0,19,74,0,0.0,293,0,1,0
baseline_n100_s5,baseline,0,20,73,0,0.0,133,0,1,0
baseline_n100_s5,baseline,0,21,73,0,0.0,187,0,1,0
baseline_n100_s5,baseline,0,22,72,0,0.0,97,0,1,0
baseline_n100_s5,baseline,0,23,77,0,0.0,144,0,1,0
baseline_n100_s5,baseline,0,24,73,0,0.0,91,0,1,0
baseline_n100_s5,baseline,0,25,1502,0,0.0,312,0,1,0
baseline_n100_s5,baseline,0,26,74,0,0.0,121,0,1,0
baseline_n100_s5,baseline,0,27,612,0,0.0,265,0,1,0
baseline_n100_s5,baseline,0,28,1189,0,0.0,213,0,1,0
baseline_n100_s5,baseline,0,29,186,0,0.0,251,0,1,0
baseline_n100_s5,baseline,0,30,72,0,0.0,81,0,1,0
baseline_n100_s5,baseline,0,31,71,0,0.0,48,0,1,0
baseline_n100_s5,baseline,0,32,73,0,0.0,205,0,1,0
baseline_n100_s5,baseline,0,33,71,0,0.0,131,0,1,0
baseline_n100_s5,baseline,0,34,73,0,0.0,277,0,1,0
baseline_n100_s5,baseline,0,35,72,0,0.0,58,0,1,0
baseline_n100_s5,baseline,0,36,73,0,0.0,121,0,1,0
baseline_n100_s5,baseline,0,37,74,0,0.0,200,0,1,0
baseline_n100_s5,baseline,0,38,71,0,0.0,147,0,1,0
baseline_n100_s5,baseline,0,39,293,0,0.0,223,0,1,0
baseline_n100_s5,baseline,0,40,76,0,0.0,273,0,1,0
baseline_n100_s5,baseline,0,41,72,0,0.0,170,0,1,0
baseline_n100_s5,baseline,0,42,73,0,0.0,202,0,1,0
baseline_n100_s5,baseline,0,43,72,0,0.0,97,0,1,0
baseline_n100_s5,baseline,0,44,178,0,0.0,144,0,1,0
baseline_n100_s5,baseline,0,45,76,0,0.0,216,0,1,0
baseline_n100_s5,baseline,0,46,76,0,0.0,204,0,2,0
baseline_n100_s5,baseline,0,47,75,0,0.0,193,0,1,0
baseline_n100_s5,baseline,0,48,74,0,0.0,148,0,1,0
baseline_n100_s5,baseline,0,49,72,0,0.0,109,0,1,0
baseline_n100_s5,baseline,0,50,73,0,0.0,183,0,1,0
baseline_n100_s5,baseline,0,51,71,0,0.0,92,0,1,0
baseline_n100_s5,baseline,0,52,74,0,0.0,94,0,1,0
baseline_n100_s5,baseline,0,53,815,0,0.0,195,0,1,0
baseline_n100_s5,baseline,0,54,75,0,0.0,241,0,1,0
baseline_n100_s5,baseline,0,55,75,0,0.0,183,0,1,0
baseline_n100_s5,baseline,0,56,75,0,0.0,106,0,1,0
baseline_n100_s5,baseline,0,57,71,0,0.0,141,0,1,0
baseline_n100_s5,baseline,0,58,94,0,0.0,75,0,1,0
baseline_n100_s5,baseline,0,59,75,0,0.0,192,0,1,0
baseline_n100_s5,baseline,0,60,184,0,0.0,262,0,1,0
baseline_n100_s5,baseline,0,61,72,0,0.0,149,0,1,0
baseline_n100_s5,baseline,0,62,71,0,0.0,145,0,1,0
baseline_n100_s5,baseline,0,63,74,0,0.0,224,0,1,0
baseline_n100_s5,baseline,0,64,72,0,0.0,139,0,1,0
baseline_n100_s5,baseline,0,65,72,0,0.0,83,0,1,0
baseline_n100_s5,baseline,0,66,181,0,0.0,291,0,1,0
baseline_n100_s5,baseline,0,67,73,0,0.0,155,0,1,0
baseline_n100_s5,baseline,0,68,74,0,0.0,127,0,2,0
baseline_n100_s5,baseline,0,69,71,0,0.0,181,0,1,0
baseline_n100_s5,baseline,0,70,72,0,0.0,149,0,1,0
baseline_n100_s5,baseline,0,71,73,0,0.0,186,0,1,0
baseline_n100_s5,baseline,0,72,74,0,0.0,136,0,1,0
baseline_n100_s5,baseline,0,73,77,0,0.0,203,0,1,0
baseline_n100_s5,baseline,0,74,189,0,0.0,264,0,1,0
baseline_n100_s5,baseline,0,75,185,0,0.0,268,0,1,0
baseline_n100_s5,baseline,0,76,1059,0,0.0,315,0,1,0
baseline_n100_s5,baseline,0,77,292,0,0.0,286,0,1,0
baseline_n100_s5,baseline,0,78,74,0,0.0,210,0,1,0
baseline_n100_s5,baseline,0,79,75,0,0.0,257,0,1,0
baseline_n100_s5,baseline,0,80,75,0,0.0,152,0,1,0
baseline_n100_s5,baseline,0,81,76,0,0.0,253,0,1,0
baseline_n100_s5,baseline,0,82,74,0,0.0,121,0,1,0
baseline_n100_s5,baseline,0,83,293,0,0.0,269,0,1,0
baseline_n100_s5,baseline,0,84,75,0,0.0,276,0,1,0
baseline_n100_s5,baseline,0,85,75,0,0.0,262,0,1,0
baseline_n100_s5,baseline,0,86,185,0,0.0,281,0,1,0
baseline_n100_s5,baseline,0,87,72,0,0.0,220,0,1,0
baseline_n100_s5,baseline,0,88,73,0,0.0,214,0,1,0
baseline_n100_s5,baseline,0,89,72,0,0.0,213,0,1,0
baseline_n100_s5,baseline,0,90,73,0,0.0,104,0,1,0
baseline_n100_s5,baseline,0,91,73,0,0.0,242,0,1,0
baseline_n100_s5,baseline,0,92,73,0,0.0,152,0,1,0
baseline_n100_s5,baseline,0,93,73,0,0.0,81,0,1,0
baseline_n100_s5,baseline,0,94,515,0,0.0,293,0,1,0
baseline_n100_s5,baseline,0,95,72,0,0.0,96,0,1,0
baseline_n100_s5,baseline,0,96,74,0,0.0,218,0,1,0
baseline_n100_s5,baseline,0,97,315,0,0.0,236,0,1,0
baseline_n100_s5,baseline,0,98,75,0,0.0,240,0,1,0
baseline_n100_s5,baseline,0,99,76,0,0.0,240,0,1,0
baseline_n100_s5,baseline,0,100,72,0,0.0,87,0,1,0
baseline_n100_s5,baseline,0,101,74,0,0.0,273,0,1,0
attack_n100_s4_d60,attack,60,1,4989,0,0.0,292,108,0,0
attack_n100_s4_d60,attack,60,2,127,0,0.0,170,0,1,0
attack_n100_s4_d60,attack,60,3,72,0,0.0,177,0,1,0
attack_n100_s4_d60,attack,60,4,73,0,0.0,138,0,1,0
attack_n100_s4_d60,attack,60,5,75,0,0.0,161,0,1,0
attack_n100_s4_d60,attack,60,8,75,0,0.0,184,0,1,0
attack_n100_s4_d60,attack,60,9,75,0,0.0,187,0,1,0
attack_n100_s4_d60,attack,60,11,74,0,0.0,160,0,1,0
attack_n100_s4_d60,attack,60,12,71,0,0.0,80,0,1,0
attack_n100_s4_d60,attack,60,13,73,0,0.0,153,0,1,0
attack_n100_s4_d60,attack,60,14,72,0,0.0,152,0,1,0
attack_n100_s4_d60,attack,60,15,75,0,0.0,198,0,1,0
attack_n100_s4_d60,attack,60,16,76,0,0.0,161,0,1,0
attack_n100_s4_d60,attack,60,17,119,0,0.0,104,0,1,0
attack_n100_s4_d60,attack,60,18,1062,0,0.0,266,0,1,0
attack_n100_s4_d60,attack,60,19,76,0,0.0,213,0,1,0
attack_n100_s4_d60,attack,60,20,73,0,0.0,157,0,1,0
attack_n100_s4_d60,attack,60,21,72,0,0.0,127,0,1,0
attack_n100_s4_d60,attack,60,23,991,0,0.0,248,0,1,0
attack_n100_s4_d60,attack,60,24,76,0,0.0,164,0,1,0
attack_n100_s4_d60,attack,60,25,74,0,0.0,151,0,1,0
attack_n100_s4_d60,attack,60,26,74,0,0.0,220,0,1,0
attack_n100_s4_d60,attack,60,27,149,0,0.0,224,0,1,0
attack_n100_s4_d60,attack,60,28,74,0,0.0,183,0,1,0
attack_n100_s4_d60,attack,60,29,74,0,0.0,97,0,1,0
attack_n100_s4_d60,attack,60,30,73,0,0.0,125,0,1,0
attack_n100_s4_d60,attack,60,31,74,0,0.0,189,0,1,0
attack_n100_s4_d60,attack,60,34,73,0,0.0,216,0,1,0
attack_n100_s4_d60,attack,60,35,72,0,0.0,105,0,1,0
attack_n100_s4_d60,attack,60,36,179,0,0.0,223,0,1,0
attack_n100_s4_d60,attack,60,37,185,0,0.0,196,0,1,0
attack_n100_s4_d60,attack,60,38,75,0,0.0,172,0,1,0
attack_n100_s4_d60,attack,60,40,292,0,0.0,189,0,1,0
attack_n100_s4_d60,attack,60,41,73,0,0.0,95,0,1,0
attack_n100_s4_d60,attack,60,42,72,0,0.0,147,0,1,0
attack_n100_s4_d60,attack,60,43,76,0,0.0,224,0,1,0
attack_n100_s4_d60,attack,60,44,988,0,0.0,290,0,1,0
attack_n100_s4_d60,attack,60,46,1067,0,0.0,242,0,1,0
attack_n100_s4_d60,attack,60,48,74,0,0.0,113,0,1,0
attack_n100_s4_d60,attack,60,49,73,0,0.0,97,0,1,0
attack_n100_s4_d60,attack,60,51,72,0,0.0,124,0,1,0
attack_n100_s4_d60,attack,60,52,76,0,0.0,141,0,1,0
attack_n100_s4_d60,attack,60,53,75,0,0.0,152,0,1,0
attack_n100_s4_d60,attack,60,54,73,0,0.0,102,0,1,0
attack_n100_s4_d60,attack,60,55,78,0,0.0,166,0,1,0
attack_n100_s4_d60,attack,60,56,76,0,0.0,205,0,1,0
attack_n100_s4_d60,attack,60,57,71,0,0.0,163,0,1,0
attack_n100_s4_d60,attack,60,58,73,0,0.0,81,0,1,0
attack_n100_s4_d60,attack,60,59,75,0,0.0,149,0,1,0
attack_n100_s4_d60,attack,60,60,72,0,0.0,134,0,1,0
attack_n100_s4_d60,attack,60,61,819,0,0.0,287,0,1,0
attack_n100_s4_d60,attack,60,62,70,0,0.0,164,0,1,0
attack_n100_s4_d60,attack,60,63,77,0,0.0,145,0,1,0
attack_n100_s4_d60,attack,60,64,73,0,0.0,142,0,1,0
attack_n100_s4_d60,attack,60,65,73,0,0.0,136,0,1,0
attack_n100_s4_d60,attack,60,66,72,0,0.0,157,0,1,0
attack_n100_s4_d60,attack,60,67,74,0,0.0,127,0,1,0
attack_n100_s4_d60,attack,60,68,72,0,0.0,65,0,1,0
attack_n100_s4_d60,attack,60,70,75,0,0.0,122,0,1,0
attack_n100_s4_d60,attack,60,71,511,0,0.0,256,0,1,0
attack_n100_s4_d60,attack,60,74,73,0,0.0,134,0,1,0
attack_n100_s4_d60,attack,60,75,73,0,0.0,253,0,1,0
attack_n100_s4_d60,attack,60,76,73,0,0.0,133,0,1,0
attack_n100_s4_d60,attack,60,77,72,0,0.0,94,0,1,0
attack_n100_s4_d60,attack,60,78,74,0,0.0,200,0,1,0
attack_n100_s4_d60,attack,60,80,73,0,0.0,128,0,1,0
attack_n100_s4_d60,attack,60,81,75,0,0.0,207,0,1,0
attack_n100_s4_d60,attack,60,82,72,0,0.0,92,0,1,0
attack_n100_s4_d60,attack,60,83,73,0,0.0,127,0,1,0
attack_n100_s4_d60,attack,60,84,76,0,0.0,165,0,1,0
attack_n100_s4_d60,attack,60,85,72,0,0.0,132,0,1,0
attack_n100_s4_d60,attack,60,88,185,0,0.0,188,0,1,0
attack_n100_s4_d60,attack,60,89,74,0,0.0,162,0,1,0
attack_n100_s4_d60,attack,60,90,72,0,0.0,163,0,1,0
attack_n100_s4_d60,attack,60,91,72,0,0.0,100,0,1,0
attack_n100_s4_d60,attack,60,92,72,0,0.0,120,0,1,0
attack_n100_s4_d60,attack,60,93,719,0,0.0,209,0,1,0
attack_n100_s4_d60,attack,60,94,777,0,0.0,269,0,1,0
attack_n100_s4_d60,attack,60,96,75,0,0.0,215,0,1,0
attack_n100_s4_d60,attack,60,98,115,0,0.0,218,0,1,0
attack_n100_s4_d60,attack,60,99,72,0,0.0,71,0,1,0
attack_n100_s4_d60,attack,60,100,72,0,0.0,77,0,1,0
attack_n100_s4_d60,attack,60,101,70,0,0.0,80,0,1,0
attack_n100_s4_d60,attack,60,6,76,49,0.6447368421052632,138,0,4,1
attack_n100_s4_d60,attack,60,7,74,46,0.6216216216216216,97,0,1,1
attack_n100_s4_d60,attack,60,10,74,48,0.6486486486486487,166,0,1,1
attack_n100_s4_d60,attack,60,22,77,48,0.6233766233766234,145,0,1,1
attack_n100_s4_d60,attack,60,32,74,47,0.6351351351351351,209,0,1,1
attack_n100_s4_d60,attack,60,33,73,37,0.5068493150684932,124,0,1,1
attack_n100_s4_d60,attack,60,39,75,46,0.6133333333333333,142,0,1,1
attack_n100_s4_d60,attack,60,45,72,39,0.5416666666666666,59,0,1,1
attack_n100_s4_d60,attack,60,47,74,40,0.5405405405405406,97,0,1,1
attack_n100_s4_d60,attack,60,50,83,54,0.6506024096385542,159,0,4,1
attack_n100_s4_d60,attack,60,69,78,50,0.6410256410256411,172,0,1,1
attack_n100_s4_d60,attack,60,72,75,41,0.5466666666666666,134,0,1,1
attack_n100_s4_d60,attack,60,73,74,49,0.6621621621621622,256,0,1,1
attack_n100_s4_d60,attack,60,79,74,44,0.5945945945945946,163,0,1,1
attack_n100_s4_d60,attack,60,86,76,46,0.6052631578947368,198,0,1,1
attack_n100_s4_d60,attack,60,87,77,43,0.5584415584415584,91,0,2,1
attack_n100_s4_d60,attack,60,95,81,46,0.5679012345679012,224,0,3,1
attack_n100_s4_d60,attack,60,97,76,54,0.7105263157894737,184,0,1,1
attack_n20_s1_d90,attack,90,1,980,0,0.0,83,21,0,0
attack_n20_s1_d90,attack,90,2,76,0,0.0,29,0,1,0
attack_n20_s1_d90,attack,90,3,294,0,0.0,54,0,1,0
attack_n20_s1_d90,attack,90,4,405,0,0.0,79,0,1,0
attack_n20_s1_d90,attack,90,5,73,0,0.0,23,0,1,0
attack_n20_s1_d90,attack,90,6,69,0,0.0,15,0,1,0
attack_n20_s1_d90,attack,90,7,189,0,0.0,42,0,1,0
attack_n20_s1_d90,attack,90,8,71,0,0.0,18,0,1,0
attack_n20_s1_d90,attack,90,9,297,0,0.0,71,0,1,0
attack_n20_s1_d90,attack,90,12,70,0,0.0,21,0,1,0
attack_n20_s1_d90,attack,90,14,72,0,0.0,30,0,1,0
attack_n20_s1_d90,attack,90,15,73,0,0.0,34,0,1,0
attack_n20_s1_d90,attack,90,16,75,0,0.0,32,0,1,0
attack_n20_s1_d90,attack,90,17,74,0,0.0,67,0,1,0
attack_n20_s1_d90,attack,90,18,196,0,0.0,43,0,1,0
attack_n20_s1_d90,attack,90,19,74,0,0.0,62,0,1,0
attack_n20_s1_d90,attack,90,20,73,0,0.0,48,0,1,0
attack_n20_s1_d90,attack,90,21,533,0,0.0,81,0,1,0
attack_n20_s1_d90,attack,90,10,73,62,0.8493150684931506,21,0,1,1
attack_n20_s1_d90,attack,90,11,80,71,0.8875,44,0,3,1
attack_n20_s1_d90,attack,90,13,83,75,0.9036144578313253,57,0,3,1
attack_n50_s1_d30,attack,30,1,2659,0,0.0,251,51,0,0
attack_n50_s1_d30,attack,30,2,74,0,0.0,51,0,1,0
attack_n50_s1_d30,attack,30,4,152,0,0.0,113,0,1,0
attack_n50_s1_d30,attack,30,5,75,0,0.0,169,0,1,0
attack_n50_s1_d30,attack,30,6,76,0,0.0,114,0,1,0
attack_n50_s1_d30,attack,30,7,73,0,0.0,45,0,1,0
attack_n50_s1_d30,attack,30,8,76,0,0.0,132,0,1,0
attack_n50_s1_d30,attack,30,9,73,0,0.0,43,0,1,0
attack_n50_s1_d30,attack,30,10,297,0,0.0,154,0,1,0
attack_n50_s1_d30,attack,30,11,72,0,0.0,43,0,1,0
attack_n50_s1_d30,attack,30,12,73,0,0.0,43,0,1,0
attack_n50_s1_d30,attack,30,13,76,0,0.0,67,0,1,0
attack_n50_s1_d30,attack,30,14,75,0,0.0,78,0,1,0
attack_n50_s1_d30,attack,30,15,73,0,0.0,132,0,1,0
attack_n50_s1_d30,attack,30,16,73,0,0.0,60,0,1,0
attack_n50_s1_d30,attack,30,18,74,0,0.0,150,0,1,0
attack_n50_s1_d30,attack,30,19,76,0,0.0,110,0,1,0
attack_n50_s1_d30,attack,30,20,295,0,0.0,161,0,1,0
attack_n50_s1_d30,attack,30,22,73,0,0.0,51,0,1,0
attack_n50_s1_d30,attack,30,23,76,0,0.0,149,0,1,0
attack_n50_s1_d30,attack,30,24,295,0,0.0,106,0,1,0
attack_n50_s1_d30,attack,30,25,72,0,0.0,65,0,1,0
attack_n50_s1_d30,attack,30,27,73,0,0.0,92,0,1,0
attack_n50_s1_d30,attack,30,29,749,0,0.0,193,0,1,0
attack_n50_s1_d30,attack,30,30,73,0,0.0,80,0,1,0
attack_n50_s1_d30,attack,30,32,72,0,0.0,120,0,1,0
attack_n50_s1_d30,attack,30,33,74,0,0.0,124,0,1,0
attack_n50_s1_d30,attack,30,34,74,0,0.0,75,0,1,0
attack_n50_s1_d30,attack,30,35,74,0,0.0,177,0,1,0
attack_n50_s1_d30,attack,30,36,73,0,0.0,60,0,1,0
attack_n50_s1_d30,attack,30,38,571,0,0.0,160,0,1,0
attack_n50_s1_d30,attack,30,40,400,0,0.0,129,0,1,0
attack_n50_s1_d30,attack,30,41,73,0,0.0,174,0,1,0
attack_n50_s1_d30,attack,30,42,74,0,0.0,106,0,1,0
attack_n50_s1_d30,attack,30,43,187,0,0.0,136,0,1,0
attack_n50_s1_d30,attack,30,44,75,0,0.0,145,0,1,0
attack_n50_s1_d30,attack,30,45,73,0,0.0,45,0,1,0
attack_n50_s1_d30,attack,30,47,76,0,0.0,53,0,1,0
attack_n50_s1_d30,attack,30,48,73,0,0.0,95,0,1,0
attack_n50_s1_d30,attack,30,49,513,0,0.0,119,0,1,0
attack_n50_s1_d30,attack,30,50,73,0,0.0,52,0,1,0
attack_n50_s1_d30,attack,30,51,76,0,0.0,170,0,1,0
attack_n50_s1_d30,attack,30,3,73,20,0.273972602739726,90,0,1,1
attack_n50_s1_d30,attack,30,17,76,23,0.3026315789473684,62,0,1,1
attack_n50_s1_d30,attack,30,21,76,22,0.2894736842105263,158,0,1,1
attack_n50_s1_d30,attack,30,26,73,24,0.3287671232876712,131,0,1,1
attack_n50_s1_d30,attack,30,28,72,17,0.2361111111111111,26,0,1,1
attack_n50_s1_d30,attack,30,31,75,28,0.37333333333333335,109,0,1,1
attack_n50_s1_d30,attack,30,37,72,16,0.2222222222222222,95,0,1,1
attack_n50_s1_d30,attack,30,39,76,18,0.23684210526315788,152,0,1,1
attack_n50_s1_d30,attack,30,46,78,23,0.2948717948717949,165,0,1,1
baseline_n100_s2,baseline,0,1,5583,0,0.0,361,106,0,0
baseline_n100_s2,baseline,0,2,73,0,0.0,87,0,1,0
baseline_n100_s2,baseline,0,3,71,0,0.0,105,0,1,0
baseline_n100_s2,baseline,0,4,71,0,0.0,143,0,1,0
baseline_n100_s2,baseline,0,5,298,0,0.0,292,0,1,0
baseline_n100_s2,baseline,0,6,73,0,0.0,249,0,1,0
baseline_n100_s2,baseline,0,7,76,0,0.0,199,0,1,0
baseline_n100_s2,baseline,0,8,77,0,0.0,252,0,1,0
baseline_n100_s2,baseline,0,9,70,0,0.0,132,0,1,0
baseline_n100_s2,baseline,0,10,74,0,0.0,120,0,1,0
baseline_n100_s2,baseline,0,11,401,0,0.0,269,0,1,0
baseline_n100_s2,baseline,0,12,72,0,0.0,100,0,1,0
baseline_n100_s2,baseline,0,13,75,0,0.0,238,0,1,0
baseline_n100_s2,baseline,0,14,177,0,0.0,128,0,1,0
baseline_n100_s2,baseline,0,15,74,0,0.0,216,0,1,0
baseline_n100_s2,baseline,0,16,72,0,0.0,123,0,1,0
baseline_n100_s2,baseline,0,17,74,0,0.0,180,0,1,0
baseline_n100_s2,baseline,0,18,70,0,0.0,112,0,1,0
baseline_n100_s2,baseline,0,19,72,0,0.0,229,0,1,0
baseline_n100_s2,baseline,0,20,72,0,0.0,130,0,1,0
baseline_n100_s2,baseline,0,21,75,0,0.0,157,0,1,0
baseline_n100_s2,baseline,0,22,73,0,0.0,177,0,1,0
baseline_n100_s2,baseline,0,23,75,0,0.0,127,0,1,0
baseline_n100_s2,baseline,0,24,72,0,0.0,130,0,1,0
baseline_n100_s2,baseline,0,25,732,0,0.0,258,0,1,0
baseline_n100_s2,baseline,0,26,74,0,0.0,207,0,1,0
baseline_n100_s2,baseline,0,27,72,0,0.0,137,0,1,0
baseline_n100_s2,baseline,0,28,73,0,0.0,218,0,1,0
baseline_n100_s2,baseline,0,29,71,0,0.0,117,0,1,0
baseline_n100_s2,baseline,0,30,76,0,0.0,203,0,1,0
baseline_n100_s2,baseline,0,31,72,0,0.0,161,0,1,0
baseline_n100_s2,baseline,0,32,180,0,0.0,280,0,1,0
baseline_n100_s2,baseline,0,33,405,0,0.0,258,0,1,0
baseline_n100_s2,baseline,0,34,73,0,0.0,215,0,1,0
baseline_n100_s2,baseline,0,35,72,0,0.0,165,0,1,0
baseline_n100_s2,baseline,0,36,72,0,0.0,150,0,1,0
baseline_n100_s2,baseline,0,37,73,0,0.0,114,0,1,0
baseline_n100_s2,baseline,0,38,74,0,0.0,215,0,1,0
baseline_n100_s2,baseline,0,39,180,0,0.0,295,0,1,0
baseline_n100_s2,baseline,0,40,942,0,0.0,252,0,1,0
baseline_n100_s2,baseline,0,41,74,0,0.0,143,0,1,0
baseline_n100_s2,baseline,0,42,73,0,0.0,185,0,1,0
baseline_n100_s2,baseline,0,43,72,0,0.0,144,0,1,0
baseline_n100_s2,baseline,0,44,74,0,0.0,159,0,1,0
baseline_n100_s2,baseline,0,45,75,0,0.0,154,0,1,0
baseline_n100_s2,baseline,0,46,183,0,0.0,289,0,1,0
baseline_n100_s2,baseline,0,47,72,0,0.0,128,0,1,0
baseline_n100_s2,baseline,0,48,73,0,0.0,132,0,1,0
baseline_n100_s2,baseline,0,49,74,0,0.0,179,0,1,0
baseline_n100_s2,baseline,0,50,71,0,0.0,121,0,1,0
baseline_n100_s2,baseline,0,51,74,0,0.0,247,0,1,0
baseline_n100_s2,baseline,0,52,73,0,0.0,128,0,1,0
baseline_n100_s2,baseline,0,53,75,0,0.0,146,0,1,0
baseline_n100_s2,baseline,0,54,70,0,0.0,60,0,1,0
baseline_n100_s2,baseline,0,55,71,0,0.0,82,0,1,0
baseline_n100_s2,baseline,0,56,72,0,0.0,126,0,1,0
baseline_n100_s2,baseline,0,57,71,0,0.0,178,0,1,0
baseline_n100_s2,baseline,0,58,71,0,0.0,131,0,1,0
baseline_n100_s2,baseline,0,59,76,0,0.0,145,0,1,0
baseline_n100_s2,baseline,0,60,72,0,0.0,108,0,1,0
baseline_n100_s2,baseline,0,61,74,0,0.0,123,0,1,0
baseline_n100_s2,baseline,0,62,1946,0,0.0,320,0,1,0
baseline_n100_s2,baseline,0,63,74,0,0.0,151,0,1,0
baseline_n100_s2,baseline,0,64,72,0,0.0,107,0,1,0
baseline_n100_s2,baseline,0,65,72,0,0.0,171,0,1,0
baseline_n100_s2,baseline,0,66,72,0,0.0,124,0,1,0
baseline_n100_s2,baseline,0,67,72,0,0.0,132,0,1,0
baseline_n100_s2,baseline,0,68,75,0,0.0,258,0,1,0
baseline_n100_s2,baseline,0,69,76,0,0.0,257,0,1,0
baseline_n100_s2,baseline,0,70,71,0,0.0,139,0,1,0
baseline_n100_s2,baseline,0,71,75,0,0.0,148,0,1,0
baseline_n100_s2,baseline,0,72,74,0,0.0,238,0,1,0
baseline_n100_s2,baseline,0,73,182,0,0.0,217,0,1,0
baseline_n100_s2,baseline,0,74,72,0,0.0,137,0,1,0
baseline_n100_s2,baseline,0,75,75,0,0.0,236,0,1,0
baseline_n100_s2,baseline,0,76,76,0,0.0,93,0,1,0
baseline_n100_s2,baseline,0,77,73,0,0.0,105,0,1,0
baseline_n100_s2,baseline,0,78,69,0,0.0,111,0,1,0
baseline_n100_s2,baseline,0,79,72,0,0.0,127,0,1,0
baseline_n100_s2,baseline,0,80,74,0,0.0,118,0,1,0
baseline_n100_s2,baseline,0,81,72,0,0.0,85,0,1,0
baseline_n100_s2,baseline,0,82,178,0,0.0,240,0,1,0
baseline_n100_s2,baseline,0,83,622,0,0.0,226,0,1,0
baseline_n100_s2,baseline,0,84,74,0,0.0,242,0,1,0
baseline_n100_s2,baseline,0,85,75,0,0.0,235,0,1,0
baseline_n100_s2,baseline,0,86,75,0,0.0,215,0,1,0
baseline_n100_s2,baseline,0,87,72,0,0.0,87,0,1,0
baseline_n100_s2,baseline,0,88,73,0,0.0,170,0,1,0
baseline_n100_s2,baseline,0,89,76,0,0.0,256,0,1,0
baseline_n100_s2,baseline,0,90,73,0,0.0,132,0,1,0
baseline_n100_s2,baseline,0,91,71,0,0.0,169,0,1,0
baseline_n100_s2,baseline,0,92,74,0,0.0,242,0,1,0
baseline_n100_s2,baseline,0,93,732,0,0.0,244,0,1,0
baseline_n100_s2,baseline,0,94,72,0,0.0,123,0,1,0
baseline_n100_s2,baseline,0,95,72,0,0.0,119,0,1,0
baseline_n100_s2,baseline,0,96,75,0,0.0,207,0,1,0
baseline_n100_s2,baseline,0,97,75,0,0.0,164,0,1,0
baseline_n100_s2,baseline,0,98,76,0,0.0,212,0,1,0
baseline_n100_s2,baseline,0,99,71,0,0.0,127,0,1,0
baseline_n100_s2,baseline,0,100,1274,0,0.0,272,0,1,0
baseline_n100_s2,baseline,0,101,71,0,0.0,138,0,1,0
baseline_n20_s2,baseline,0,1,1111,0,0.0,77,20,0,0
baseline_n20_s2,baseline,0,2,73,0,0.0,33,0,1,0
baseline_n20_s2,baseline,0,3,72,0,0.0,24,0,1,0
baseline_n20_s2,baseline,0,4,74,0,0.0,65,0,1,0
baseline_n20_s2,baseline,0,5,184,0,0.0,69,0,1,0
baseline_n20_s2,baseline,0,6,953,0,0.0,82,0,1,0
baseline_n20_s2,baseline,0,7,76,0,0.0,53,0,1,0
baseline_n20_s2,baseline,0,8,75,0,0.0,68,0,1,0
baseline_n20_s2,baseline,0,9,70,0,0.0,41,0,1,0
baseline_n20_s2,baseline,0,10,73,0,0.0,23,0,1,0
baseline_n20_s2,baseline,0,11,508,0,0.0,88,0,1,0
baseline_n20_s2,baseline,0,12,72,0,0.0,23,0,1,0
baseline_n20_s2,baseline,0,13,73,0,0.0,73,0,1,0
baseline_n20_s2,baseline,0,14,68,0,0.0,17,0,1,0
baseline_n20_s2,baseline,0,15,73,0,0.0,53,0,1,0
baseline_n20_s2,baseline,0,16,286,0,0.0,36,0,1,0
baseline_n20_s2,baseline,0,17,72,0,0.0,71,0,1,0
baseline_n20_s2,baseline,0,18,73,0,0.0,28,0,1,0
baseline_n20_s2,baseline,0,19,74,0,0.0,45,0,1,0
baseline_n20_s2,baseline,0,20,72,0,0.0,60,0,1,0
baseline_n20_s2,baseline,0,21,509,0,0.0,68,0,1,0
baseline_n50_s2,baseline,0,1,2790,0,0.0,193,50,0,0
baseline_n50_s2,baseline,0,2,74,0,0.0,59,0,1,0
baseline_n50_s2,baseline,0,3,71,0,0.0,37,0,1,0
baseline_n50_s2,baseline,0,4,73,0,0.0,117,0,1,0
baseline_n50_s2,baseline,0,5,732,0,0.0,189,0,1,0
baseline_n50_s2,baseline,0,6,79,0,0.0,176,0,1,0
baseline_n50_s2,baseline,0,7,75,0,0.0,102,0,1,0
baseline_n50_s2,baseline,0,8,186,0,0.0,148,0,1,0
baseline_n50_s2,baseline,0,9,73,0,0.0,86,0,1,0
baseline_n50_s2,baseline,0,10,74,0,0.0,97,0,1,0
baseline_n50_s2,baseline,0,11,405,0,0.0,137,0,1,0
baseline_n50_s2,baseline,0,12,73,0,0.0,35,0,1,0
baseline_n50_s2,baseline,0,13,73,0,0.0,122,0,1,0
baseline_n50_s2,baseline,0,14,70,0,0.0,74,0,1,0
baseline_n50_s2,baseline,0,15,74,0,0.0,126,0,1,0
baseline_n50_s2,baseline,0,16,73,0,0.0,43,0,1,0
baseline_n50_s2,baseline,0,17,74,0,0.0,93,0,1,0
baseline_n50_s2,baseline,0,18,72,0,0.0,90,0,1,0
baseline_n50_s2,baseline,0,19,72,0,0.0,116,0,1,0
baseline_n50_s2,baseline,0,20,73,0,0.0,99,0,1,0
baseline_n50_s2,baseline,0,21,71,0,0.0,116,0,1,0
baseline_n50_s2,baseline,0,22,71,0,0.0,144,0,1,0
baseline_n50_s2,baseline,0,23,73,0,0.0,82,0,1,0
baseline_n50_s2,baseline,0,24,72,0,0.0,71,0,1,0
baseline_n50_s2,baseline,0,25,1187,0,0.0,211,0,1,0
baseline_n50_s2,baseline,0,26,74,0,0.0,131,0,1,0
baseline_n50_s2,baseline,0,27,74,0,0.0,106,0,1,0
baseline_n50_s2,baseline,0,28,404,0,0.0,187,0,1,0
baseline_n50_s2,baseline,0,29,75,0,0.0,69,0,1,0
baseline_n50_s2,baseline,0,30,75,0,0.0,122,0,1,0
baseline_n50_s2,baseline,0,31,73,0,0.0,137,0,1,0
baseline_n50_s2,baseline,0,32,76,0,0.0,186,0,1,0
baseline_n50_s2,baseline,0,33,75,0,0.0,99,0,1,0
baseline_n50_s2,baseline,0,34,73,0,0.0,105,0,1,0
baseline_n50_s2,baseline,0,35,73,0,0.0,92,0,1,0
baseline_n50_s2,baseline,0,36,73,0,0.0,79,0,1,0
baseline_n50_s2,baseline,0,37,71,0,0.0,79,0,1,0
baseline_n50_s2,baseline,0,38,75,0,0.0,117,0,1,0
baseline_n50_s2,baseline,0,39,297,0,0.0,199,0,1,0
baseline_n50_s2,baseline,0,40,405,0,0.0,111,0,1,0
baseline_n50_s2,baseline,0,41,74,0,0.0,110,0,1,0
baseline_n50_s2,baseline,0,42,73,0,0.0,92,0,1,0
baseline_n50_s2,baseline,0,43,74,0,0.0,121,0,1,0
baseline_n50_s2,baseline,0,44,72,0,0.0,95,0,1,0
baseline_n50_s2,baseline,0,45,73,0,0.0,73,0,1,0
baseline_n50_s2,baseline,0,46,181,0,0.0,183,0,1,0
baseline_n50_s2,baseline,0,47,72,0,0.0,74,0,1,0
baseline_n50_s2,baseline,0,48,74,0,0.0,19,0,1,0
baseline_n50_s2,baseline,0,49,73,0,0.0,92,0,1,0
baseline_n50_s2,baseline,0,50,74,0,0.0,63,0,1,0
baseline_n50_s2,baseline,0,51,511,0,0.0,163,0,1,0
attack_n100_s1_d60,attack,60,1,4989,0,0.0,454,105,0,0
attack_n100_s1_d60,attack,60,2,75,0,0.0,137,0,1,0
attack_n100_s1_d60,attack,60,3,72,0,0.0,194,0,1,0
attack_n100_s1_d60,attack,60,4,75,0,0.0,291,0,1,0
attack_n100_s1_d60,attack,60,5,367,0,0.0,231,0,1,0
attack_n100_s1_d60,attack,60,8,71,0,0.0,70,0,1,0
attack_n100_s1_d60,attack,60,9,73,0,0.0,193,0,1,0
attack_n100_s1_d60,attack,60,11,73,0,0.0,78,0,1,0
attack_n100_s1_d60,attack,60,12,290,0,0.0,270,0,1,0
attack_n100_s1_d60,attack,60,13,70,0,0.0,109,0,1,0
attack_n100_s1_d60,attack,60,14,178,0,0.0,56,0,1,0
attack_n100_s1_d60,attack,60,15,74,0,0.0,147,0,1,0
attack_n100_s1_d60,attack,60,16,76,0,0.0,128,0,1,0
attack_n100_s1_d60,attack,60,17,186,0,0.0,240,0,1,0
attack_n100_s1_d60,attack,60,18,290,0,0.0,110,0,1,0
attack_n100_s1_d60,attack,60,19,73,0,0.0,259,0,1,0
attack_n100_s1_d60,attack,60,20,74,0,0.0,183,0,1,0
attack_n100_s1_d60,attack,60,21,1051,0,0.0,271,0,1,0
attack_n100_s1_d60,attack,60,23,73,0,0.0,124,0,1,0
attack_n100_s1_d60,attack,60,24,77,0,0.0,230,0,1,0
attack_n100_s1_d60,attack,60,25,986,0,0.0,215,0,1,0
attack_n100_s1_d60,attack,60,26,73,0,0.0,89,0,1,0
attack_n100_s1_d60,attack,60,27,74,0,0.0,177,0,1,0
attack_n100_s1_d60,attack,60,28,76,0,0.0,235,0,1,0
attack_n100_s1_d60,attack,60,29,73,0,0.0,117,0,1,0
attack_n100_s1_d60,attack,60,30,75,0,0.0,188,0,1,0
attack_n100_s1_d60,attack,60,31,185,0,0.0,240,0,1,0
attack_n100_s1_d60,attack,60,34,73,0,0.0,116,0,1,0
attack_n100_s1_d60,attack,60,35,223,0,0.0,315,0,1,0
attack_n100_s1_d60,attack,60,36,71,0,0.0,112,0,1,0
attack_n100_s1_d60,attack,60,37,73,0,0.0,205,0,1,0
attack_n100_s1_d60,attack,60,38,831,0,0.0,250,0,1,0
attack_n100_s1_d60,attack,60,40,184,0,0.0,247,0,1,0
attack_n100_s1_d60,attack,60,41,74,0,0.0,258,0,1,0
attack_n100_s1_d60,attack,60,42,75,0,0.0,225,0,1,0
attack_n100_s1_d60,attack,60,43,74,0,0.0,254,0,1,0
attack_n100_s1_d60,attack,60,44,71,0,0.0,94,0,1,0
attack_n100_s1_d60,attack,60,46,72,0,0.0,152,0,1,0
attack_n100_s1_d60,attack,60,48,74,0,0.0,134,0,1,0
attack_n100_s1_d60,attack,60,49,186,0,0.0,183,0,1,0
attack_n100_s1_d60,attack,60,51,73,0,0.0,95,0,1,0
attack_n100_s1_d60,attack,60,52,74,0,0.0,231,0,1,0
attack_n100_s1_d60,attack,60,53,74,0,0.0,144,0,1,0
attack_n100_s1_d60,attack,60,54,73,0,0.0,111,0,1,0
attack_n100_s1_d60,attack,60,55,74,0,0.0,259,0,1,0
attack_n100_s1_d60,attack,60,56,73,0,0.0,231,0,1,0
attack_n100_s1_d60,attack,60,57,69,0,0.0,42,0,1,0
attack_n100_s1_d60,attack,60,58,75,0,0.0,158,0,1,0
attack_n100_s1_d60,attack,60,59,72,0,0.0,153,0,1,0
attack_n100_s1_d60,attack,60,60,75,0,0.0,211,0,1,0
attack_n100_s1_d60,attack,60,61,74,0,0.0,286,0,1,0
attack_n100_s1_d60,attack,60,62,70,0,0.0,101,0,1,0
attack_n100_s1_d60,attack,60,63,75,0,0.0,185,0,1,0
attack_n100_s1_d60,attack,60,64,76,0,0.0,309,0,1,0
attack_n100_s1_d60,attack,60,65,73,0,0.0,248,0,1,0
attack_n100_s1_d60,attack,60,66,75,0,0.0,240,0,1,0
attack_n100_s1_d60,attack,60,67,73,0,0.0,267,0,1,0
attack_n100_s1_d60,attack,60,68,71,0,0.0,124,0,1,0
attack_n100_s1_d60,attack,60,70,74,0,0.0,195,0,1,0
attack_n100_s1_d60,attack,60,71,73,0,0.0,142,0,1,0
attack_n100_s1_d60,attack,60,74,73,0,0.0,151,0,1,0
attack_n100_s1_d60,attack,60,75,76,0,0.0,164,0,1,0
attack_n100_s1_d60,attack,60,76,72,0,0.0,114,0,1,0
attack_n100_s1_d60,attack,60,77,73,0,0.0,70,0,1,0
attack_n100_s1_d60,attack,60,78,72,0,0.0,193,0,1,0
attack_n100_s1_d60,attack,60,80,71,0,0.0,165,0,1,0
attack_n100_s1_d60,attack,60,81,72,0,0.0,125,0,1,0
attack_n100_s1_d60,attack,60,82,73,0,0.0,214,0,1,0
attack_n100_s1_d60,attack,60,83,75,0,0.0,175,0,1,0
attack_n100_s1_d60,attack,60,84,76,0,0.0,248,0,1,0
attack_n100_s1_d60,attack,60,85,74,0,0.0,227,0,1,0
attack_n100_s1_d60,attack,60,88,72,0,0.0,155,0,1,0
attack_n100_s1_d60,attack,60,89,239,0,0.0,209,0,1,0
attack_n100_s1_d60,attack,60,90,74,0,0.0,100,0,1,0
attack_n100_s1_d60,attack,60,91,185,0,0.0,196,0,1,0
attack_n100_s1_d60,attack,60,92,277,0,0.0,206,0,1,0
attack_n100_s1_d60,attack,60,93,72,0,0.0,68,0,1,0
attack_n100_s1_d60,attack,60,94,71,0,0.0,156,0,1,0
attack_n100_s1_d60,attack,60,96,75,0,0.0,168,0,1,0
attack_n100_s1_d60,attack,60,98,75,0,0.0,240,0,1,0
attack_n100_s1_d60,attack,60,99,73,0,0.0,105,0,1,0
attack_n100_s1_d60,attack,60,100,964,0,0.0,283,0,1,0
attack_n100_s1_d60,attack,60,101,75,0,0.0,236,0,1,0
attack_n100_s1_d60,attack,60,6,74,46,0.6216216216216216,242,0,1,1
attack_n100_s1_d60,attack,60,7,75,44,0.5866666666666667,252,0,1,1
attack_n100_s1_d60,attack,60,10,77,47,0.6103896103896104,133,0,3,1
attack_n100_s1_d60,attack,60,22,72,44,0.6111111111111112,90,0,1,1
attack_n100_s1_d60,attack,60,32,73,50,0.684931506849315,177,0,1,1
attack_n100_s1_d60,attack,60,33,73,42,0.5753424657534246,122,0,1,1
attack_n100_s1_d60,attack,60,39,83,51,0.6144578313253012,219,0,4,1
attack_n100_s1_d60,attack,60,45,74,39,0.527027027027027,103,0,1,1
attack_n100_s1_d60,attack,60,47,71,40,0.5633802816901409,73,0,1,1
attack_n100_s1_d60,attack,60,50,74,49,0.6621621621621622,101,0,1,1
attack_n100_s1_d60,attack,60,69,75,45,0.6,180,0,1,1
attack_n100_s1_d60,attack,60,72,74,44,0.5945945945945946,98,0,1,1
attack_n100_s1_d60,attack,60,73,73,47,0.6438356164383562,268,0,1,1
attack_n100_s1_d60,attack,60,79,77,48,0.6233766233766234,235,0,1,1
attack_n100_s1_d60,attack,60,86,75,44,0.5866666666666667,222,0,1,1
attack_n100_s1_d60,attack,60,87,89,55,0.6179775280898876,183,0,8,1
attack_n100_s1_d60,attack,60,95,75,38,0.5066666666666667,169,0,1,1
attack_n100_s1_d60,attack,60,97,75,46,0.6133333333333333,243,0,1,1
attack_n50_s1_d60,attack,60,1,2501,0,0.0,241,51,0,0
attack_n50_s1_d60,attack,60,2,73,0,0.0,50,0,1,0
attack_n50_s1_d60,attack,60,4,74,0,0.0,110,0,1,0
attack_n50_s1_d60,attack,60,5,74,0,0.0,153,0,1,0
attack_n50_s1_d60,attack,60,6,75,0,0.0,110,0,1,0
attack_n50_s1_d60,attack,60,7,74,0,0.0,44,0,1,0
attack_n50_s1_d60,attack,60,8,238,0,0.0,131,0,1,0
attack_n50_s1_d60,attack,60,9,125,0,0.0,39,0,1,0
attack_n50_s1_d60,attack,60,10,297,0,0.0,153,0,1,0
attack_n50_s1_d60,attack,60,11,72,0,0.0,41,0,1,0
attack_n50_s1_d60,attack,60,12,72,0,0.0,36,0,1,0
attack_n50_s1_d60,attack,60,13,74,0,0.0,64,0,1,0
attack_n50_s1_d60,attack,60,14,75,0,0.0,80,0,1,0
attack_n50_s1_d60,attack,60,15,75,0,0.0,128,0,1,0
attack_n50_s1_d60,attack,60,16,74,0,0.0,63,0,1,0
attack_n50_s1_d60,attack,60,18,74,0,0.0,147,0,1,0
attack_n50_s1_d60,attack,60,19,74,0,0.0,112,0,1,0
attack_n50_s1_d60,attack,60,20,297,0,0.0,149,0,1,0
attack_n50_s1_d60,attack,60,22,73,0,0.0,52,0,1,0
attack_n50_s1_d60,attack,60,23,75,0,0.0,154,0,1,0
attack_n50_s1_d60,attack,60,24,344,0,0.0,101,0,1,0
attack_n50_s1_d60,attack,60,25,72,0,0.0,57,0,1,0
attack_n50_s1_d60,attack,60,27,75,0,0.0,91,0,1,0
attack_n50_s1_d60,attack,60,29,700,0,0.0,179,0,1,0
attack_n50_s1_d60,attack,60,30,74,0,0.0,78,0,1,0
attack_n50_s1_d60,attack,60,32,74,0,0.0,115,0,1,0
attack_n50_s1_d60,attack,60,33,74,0,0.0,119,0,1,0
attack_n50_s1_d60,attack,60,34,72,0,0.0,72,0,1,0
attack_n50_s1_d60,attack,60,35,74,0,0.0,170,0,1,0
attack_n50_s1_d60,attack,60,36,72,0,0.0,63,0,1,0
attack_n50_s1_d60,attack,60,38,75,0,0.0,136,0,1,0
attack_n50_s1_d60,attack,60,40,402,0,0.0,127,0,1,0
attack_n50_s1_d60,attack,60,41,75,0,0.0,154,0,1,0
attack_n50_s1_d60,attack,60,42,75,0,0.0,96,0,1,0
attack_n50_s1_d60,attack,60,43,184,0,0.0,115,0,1,0
attack_n50_s1_d60,attack,60,44,75,0,0.0,146,0,1,0
attack_n50_s1_d60,attack,60,45,73,0,0.0,44,0,1,0
attack_n50_s1_d60,attack,60,47,75,0,0.0,48,0,1,0
attack_n50_s1_d60,attack,60,48,72,0,0.0,92,0,1,0
attack_n50_s1_d60,attack,60,49,514,0,0.0,107,0,1,0
attack_n50_s1_d60,attack,60,50,72,0,0.0,43,0,1,0
attack_n50_s1_d60,attack,60,51,298,0,0.0,183,0,1,0
attack_n50_s1_d60,attack,60,3,74,38,0.5135135135135135,83,0,1,1
attack_n50_s1_d60,attack,60,17,74,36,0.4864864864864865,56,0,1,1
attack_n50_s1_d60,attack,60,21,76,47,0.618421052631579,162,0,1,1
attack_n50_s1_d60,attack,60,26,72,43,0.5972222222222222,125,0,1,1
attack_n50_s1_d60,attack,60,28,72,35,0.4861111111111111,23,0,1,1
attack_n50_s1_d60,attack,60,31,74,48,0.6486486486486487,101,0,1,1
attack_n50_s1_d60,attack,60,37,74,47,0.6351351351351351,94,0,1,1
attack_n50_s1_d60,attack,60,39,82,46,0.5609756097560976,139,0,3,1
attack_n50_s1_d60,attack,60,46,76,46,0.6052631578947368,153,0,1,1
baseline_n20_s1,baseline,0,1,1122,0,0.0,98,20,0,0
baseline_n20_s1,baseline,0,2,73,0,0.0,27,0,1,0
baseline_n20_s1,baseline,0,3,73,0,0.0,52,0,1,0
baseline_n20_s1,baseline,0,4,74,0,0.0,73,0,1,0
baseline_n20_s1,baseline,0,5,74,0,0.0,22,0,1,0
baseline_n20_s1,baseline,0,6,73,0,0.0,23,0,1,0
baseline_n20_s1,baseline,0,7,76,0,0.0,51,0,1,0
baseline_n20_s1,baseline,0,8,73,0,0.0,25,0,1,0
baseline_n20_s1,baseline,0,9,293,0,0.0,66,0,1,0
baseline_n20_s1,baseline,0,10,70,0,0.0,17,0,1,0
baseline_n20_s1,baseline,0,11,73,0,0.0,32,0,1,0
baseline_n20_s1,baseline,0,12,74,0,0.0,31,0,1,0
baseline_n20_s1,baseline,0,13,75,0,0.0,37,0,1,0
baseline_n20_s1,baseline,0,14,75,0,0.0,64,0,1,0
baseline_n20_s1,baseline,0,15,74,0,0.0,52,0,1,0
baseline_n20_s1,baseline,0,16,76,0,0.0,54,0,1,0
baseline_n20_s1,baseline,0,17,290,0,0.0,61,0,1,0
baseline_n20_s1,baseline,0,18,627,0,0.0,73,0,1,0
baseline_n20_s1,baseline,0,19,73,0,0.0,23,0,1,0
baseline_n20_s1,baseline,0,20,184,0,0.0,45,0,1,0
baseline_n20_s1,baseline,0,21,409,0,0.0,65,0,1,0
attack_n50_s3_d60,attack,60,1,2492,0,0.0,135,50,0,0
attack_n50_s3_d60,attack,60,2,183,0,0.0,74,0,1,0
attack_n50_s3_d60,attack,60,4,298,0,0.0,85,0,1,0
attack_n50_s3_d60,attack,60,5,72,0,0.0,100,0,1,0
attack_n50_s3_d60,attack,60,6,70,0,0.0,19,0,1,0
attack_n50_s3_d60,attack,60,7,338,0,0.0,52,0,1,0
attack_n50_s3_d60,attack,60,8,72,0,0.0,54,0,1,0
attack_n50_s3_d60,attack,60,9,74,0,0.0,95,0,1,0
attack_n50_s3_d60,attack,60,10,74,0,0.0,88,0,1,0
attack_n50_s3_d60,attack,60,11,75,0,0.0,98,0,1,0
attack_n50_s3_d60,attack,60,12,186,0,0.0,132,0,1,0
attack_n50_s3_d60,attack,60,13,74,0,0.0,75,0,1,0
attack_n50_s3_d60,attack,60,14,842,0,0.0,138,0,1,0
attack_n50_s3_d60,attack,60,15,73,0,0.0,49,0,1,0
attack_n50_s3_d60,attack,60,16,111,0,0.0,72,0,1,0
attack_n50_s3_d60,attack,60,18,511,0,0.0,104,0,1,0
attack_n50_s3_d60,attack,60,19,75,0,0.0,106,0,1,0
attack_n50_s3_d60,attack,60,20,291,0,0.0,119,0,1,0
attack_n50_s3_d60,attack,60,22,73,0,0.0,66,0,1,0
attack_n50_s3_d60,attack,60,23,72,0,0.0,91,0,1,0
attack_n50_s3_d60,attack,60,24,71,0,0.0,42,0,1,0
attack_n50_s3_d60,attack,60,25,72,0,0.0,66,0,1,0
attack_n50_s3_d60,attack,60,27,74,0,0.0,155,0,1,0
attack_n50_s3_d60,attack,60,29,450,0,0.0,137,0,1,0
attack_n50_s3_d60,attack,60,30,73,0,0.0,53,0,1,0
attack_n50_s3_d60,attack,60,32,75,0,0.0,83,0,1,0
attack_n50_s3_d60,attack,60,33,74,0,0.0,93,0,1,0
attack_n50_s3_d60,attack,60,34,73,0,0.0,61,0,1,0
attack_n50_s3_d60,attack,60,35,72,0,0.0,91,0,1,0
attack_n50_s3_d60,attack,60,36,70,0,0.0,57,0,1,0
attack_n50_s3_d60,attack,60,38,73,0,0.0,54,0,1,0
attack_n50_s3_d60,attack,60,40,73,0,0.0,102,0,1,0
attack_n50_s3_d60,attack,60,41,77,0,0.0,102,0,1,0
attack_n50_s3_d60,attack,60,42,73,0,0.0,47,0,1,0
attack_n50_s3_d60,attack,60,43,73,0,0.0,60,0,1,0
attack_n50_s3_d60,attack,60,44,71,0,0.0,48,0,1,0
attack_n50_s3_d60,attack,60,45,74,0,0.0,106,0,1,0
attack_n50_s3_d60,attack,60,47,215,0,0.0,94,0,1,0
attack_n50_s3_d60,attack,60,48,73,0,0.0,73,0,1,0
attack_n50_s3_d60,attack,60,49,74,0,0.0,97,0,1,0
attack_n50_s3_d60,attack,60,50,1650,0,0.0,199,0,1,0
attack_n50_s3_d60,attack,60,51,72,0,0.0,54,0,1,0
attack_n50_s3_d60,attack,60,3,76,39,0.5131578947368421,81,0,1,1
attack_n50_s3_d60,attack,60,17,76,45,0.5921052631578947,57,0,1,1
attack_n50_s3_d60,attack,60,21,73,49,0.6712328767123288,95,0,1,1
attack_n50_s3_d60,attack,60,26,73,47,0.6438356164383562,61,0,1,1
attack_n50_s3_d60,attack,60,28,73,35,0.4794520547945205,101,0,1,1
attack_n50_s3_d60,attack,60,31,73,50,0.684931506849315,24,0,1,1
attack_n50_s3_d60,attack,60,37,72,44,0.6111111111111112,62,0,1,1
attack_n50_s3_d60,attack,60,39,83,54,0.6506024096385542,98,0,3,1
attack_n50_s3_d60,attack,60,46,75,46,0.6133333333333333,82,0,1,1
attack_n20_s5_d90,attack,90,1,787,0,0.0,43,19,0,0
attack_n20_s5_d90,attack,90,2,523,0,0.0,61,0,1,0
attack_n20_s5_d90,attack,90,3,184,0,0.0,52,0,1,0
attack_n20_s5_d90,attack,90,4,79,0,0.0,55,0,1,0
attack_n20_s5_d90,attack,90,5,69,0,0.0,18,0,1,0
attack_n20_s5_d90,attack,90,6,73,0,0.0,47,0,1,0
attack_n20_s5_d90,attack,90,7,73,0,0.0,22,0,1,0
attack_n20_s5_d90,attack,90,8,836,0,0.0,58,0,1,0
attack_n20_s5_d90,attack,90,9,72,0,0.0,36,0,1,0
attack_n20_s5_d90,attack,90,12,70,0,0.0,18,0,1,0
attack_n20_s5_d90,attack,90,14,38,0,0.0,4,0,8,0
attack_n20_s5_d90,attack,90,15,73,0,0.0,35,0,1,0
attack_n20_s5_d90,attack,90,16,181,0,0.0,38,0,1,0
attack_n20_s5_d90,attack,90,17,73,0,0.0,39,0,1,0
attack_n20_s5_d90,attack,90,18,20,0,0.0,0,0,0,0
attack_n20_s5_d90,attack,90,19,281,0,0.0,28,0,1,0
attack_n20_s5_d90,attack,90,20,76,0,0.0,31,0,1,0
attack_n20_s5_d90,attack,90,21,19,0,0.0,0,0,0,0
attack_n20_s5_d90,attack,90,10,131,119,0.9083969465648855,44,0,1,1
attack_n20_s5_d90,attack,90,11,18,15,0.8333333333333334,0,0,0,1
attack_n20_s5_d90,attack,90,13,89,79,0.8876404494382022,53,0,13,1
attack_n20_s3_d90,attack,90,1,903,0,0.0,68,19,0,0
attack_n20_s3_d90,attack,90,2,620,0,0.0,46,0,1,0
attack_n20_s3_d90,attack,90,3,73,0,0.0,38,0,1,0
attack_n20_s3_d90,attack,90,4,281,0,0.0,29,0,1,0
attack_n20_s3_d90,attack,90,5,22,0,0.0,0,0,0,0
attack_n20_s3_d90,attack,90,6,499,0,0.0,19,0,1,0
attack_n20_s3_d90,attack,90,7,75,0,0.0,26,0,1,0
attack_n20_s3_d90,attack,90,8,293,0,0.0,40,0,1,0
attack_n20_s3_d90,attack,90,9,68,0,0.0,18,0,1,0
attack_n20_s3_d90,attack,90,12,73,0,0.0,39,0,1,0
attack_n20_s3_d90,attack,90,14,183,0,0.0,74,0,1,0
attack_n20_s3_d90,attack,90,15,66,0,0.0,18,0,1,0
attack_n20_s3_d90,attack,90,16,76,0,0.0,73,0,1,0
attack_n20_s3_d90,attack,90,17,388,0,0.0,19,0,1,0
attack_n20_s3_d90,attack,90,18,74,0,0.0,26,0,1,0
attack_n20_s3_d90,attack,90,19,75,0,0.0,40,0,1,0
attack_n20_s3_d90,attack,90,20,72,0,0.0,38,0,1,0
attack_n20_s3_d90,attack,90,21,313,0,0.0,74,0,1,0
attack_n20_s3_d90,attack,90,10,75,63,0.84,43,0,1,1
attack_n20_s3_d90,attack,90,11,68,59,0.8676470588235294,21,0,1,1
attack_n20_s3_d90,attack,90,13,76,68,0.8947368421052632,27,0,4,1
attack_n50_s4_d90,attack,90,1,2344,0,0.0,224,52,0,0
attack_n50_s4_d90,attack,90,2,76,0,0.0,115,0,1,0
attack_n50_s4_d90,attack,90,4,77,0,0.0,149,0,1,0
attack_n50_s4_d90,attack,90,5,73,0,0.0,105,0,1,0
attack_n50_s4_d90,attack,90,6,74,0,0.0,85,0,1,0
attack_n50_s4_d90,attack,90,7,186,0,0.0,148,0,1,0
attack_n50_s4_d90,attack,90,8,305,0,0.0,175,0,1,0
attack_n50_s4_d90,attack,90,9,78,0,0.0,100,0,1,0
attack_n50_s4_d90,attack,90,10,98,0,0.0,36,0,1,0
attack_n50_s4_d90,attack,90,11,73,0,0.0,82,0,1,0
attack_n50_s4_d90,attack,90,12,74,0,0.0,110,0,1,0
attack_n50_s4_d90,attack,90,13,76,0,0.0,151,0,1,0
attack_n50_s4_d90,attack,90,14,185,0,0.0,84,0,1,0
attack_n50_s4_d90,attack,90,15,73,0,0.0,55,0,1,0
attack_n50_s4_d90,attack,90,16,403,0,0.0,162,0,1,0
attack_n50_s4_d90,attack,90,18,214,0,0.0,182,0,1,0
attack_n50_s4_d90,attack,90,19,86,0,0.0,155,0,1,0
attack_n50_s4_d90,attack,90,20,73,0,0.0,66,0,1,0
attack_n50_s4_d90,attack,90,22,85,0,0.0,151,0,1,0
attack_n50_s4_d90,attack,90,23,75,0,0.0,81,0,1,0
attack_n50_s4_d90,attack,90,24,74,0,0.0,84,0,1,0
attack_n50_s4_d90,attack,90,25,79,0,0.0,188,0,1,0
attack_n50_s4_d90,attack,90,27,406,0,0.0,196,0,1,0
attack_n50_s4_d90,attack,90,29,79,0,0.0,127,0,1,0
attack_n50_s4_d90,attack,90,30,75,0,0.0,75,0,1,0
attack_n50_s4_d90,attack,90,32,76,0,0.0,97,0,1,0
attack_n50_s4_d90,attack,90,33,75,0,0.0,150,0,1,0
attack_n50_s4_d90,attack,90,34,78,0,0.0,190,0,1,0
attack_n50_s4_d90,attack,90,35,73,0,0.0,41,0,1,0
attack_n50_s4_d90,attack,90,36,78,0,0.0,180,0,1,0
attack_n50_s4_d90,attack,90,38,299,0,0.0,171,0,1,0
attack_n50_s4_d90,attack,90,40,342,0,0.0,91,0,1,0
attack_n50_s4_d90,attack,90,41,186,0,0.0,167,0,1,0
attack_n50_s4_d90,attack,90,42,74,0,0.0,52,0,1,0
attack_n50_s4_d90,attack,90,43,73,0,0.0,86,0,1,0
attack_n50_s4_d90,attack,90,44,639,0,0.0,131,0,1,0
attack_n50_s4_d90,attack,90,45,766,0,0.0,233,0,1,0
attack_n50_s4_d90,attack,90,47,74,0,0.0,156,0,1,0
attack_n50_s4_d90,attack,90,48,73,0,0.0,71,0,1,0
attack_n50_s4_d90,attack,90,49,73,0,0.0,53,0,1,0
attack_n50_s4_d90,attack,90,50,76,0,0.0,78,0,1,0
attack_n50_s4_d90,attack,90,51,73,0,0.0,68,0,1,0
attack_n50_s4_d90,attack,90,3,75,67,0.8933333333333333,74,0,1,1
attack_n50_s4_d90,attack,90,17,82,71,0.8658536585365854,64,0,11,1
attack_n50_s4_d90,attack,90,21,92,83,0.9021739130434783,94,0,5,1
attack_n50_s4_d90,attack,90,26,86,77,0.8953488372093024,172,0,7,1
attack_n50_s4_d90,attack,90,28,84,77,0.9166666666666666,159,0,7,1
attack_n50_s4_d90,attack,90,31,84,77,0.9166666666666666,43,0,7,1
attack_n50_s4_d90,attack,90,37,83,78,0.9397590361445783,103,0,8,1
attack_n50_s4_d90,attack,90,39,79,70,0.8860759493670886,78,0,3,1
attack_n50_s4_d90,attack,90,46,93,85,0.9139784946236559,159,0,11,1
attack_n20_s4_d90,attack,90,1,961,0,0.0,61,22,0,0
attack_n20_s4_d90,attack,90,2,76,0,0.0,63,0,1,0
attack_n20_s4_d90,attack,90,3,72,0,0.0,52,0,1,0
attack_n20_s4_d90,attack,90,4,73,0,0.0,23,0,1,0
attack_n20_s4_d90,attack,90,5,76,0,0.0,50,0,1,0
attack_n20_s4_d90,attack,90,6,81,0,0.0,62,0,4,0
attack_n20_s4_d90,attack,90,7,79,0,0.0,86,0,1,0
attack_n20_s4_d90,attack,90,8,73,0,0.0,51,0,1,0
attack_n20_s4_d90,attack,90,9,65,0,0.0,7,0,1,0
attack_n20_s4_d90,attack,90,12,188,0,0.0,52,0,1,0
attack_n20_s4_d90,attack,90,14,181,0,0.0,61,0,1,0
attack_n20_s4_d90,attack,90,15,287,0,0.0,44,0,1,0
attack_n20_s4_d90,attack,90,16,77,0,0.0,51,0,1,0
attack_n20_s4_d90,attack,90,17,73,0,0.0,22,0,1,0
attack_n20_s4_d90,attack,90,18,543,0,0.0,61,0,1,0
attack_n20_s4_d90,attack,90,19,837,0,0.0,102,0,1,0
attack_n20_s4_d90,attack,90,20,75,0,0.0,69,0,1,0
attack_n20_s4_d90,attack,90,21,76,0,0.0,34,0,1,0
attack_n20_s4_d90,attack,90,10,85,68,0.8,83,0,1,1
attack_n20_s4_d90,attack,90,11,78,69,0.8846153846153846,55,0,1,1
attack_n20_s4_d90,attack,90,13,80,75,0.9375,54,0,9,1
baseline_n50_s1,baseline,0,1,2798,0,0.0,262,52,0,0
baseline_n50_s1,baseline,0,2,73,0,0.0,48,0,1,0
baseline_n50_s1,baseline,0,3,75,0,0.0,118,0,1,0
baseline_n50_s1,baseline,0,4,74,0,0.0,175,0,1,0
baseline_n50_s1,baseline,0,5,73,0,0.0,127,0,1,0
baseline_n50_s1,baseline,0,6,72,0,0.0,44,0,1,0
baseline_n50_s1,baseline,0,7,74,0,0.0,135,0,1,0
baseline_n50_s1,baseline,0,8,72,0,0.0,43,0,1,0
baseline_n50_s1,baseline,0,9,74,0,0.0,163,0,1,0
baseline_n50_s1,baseline,0,10,74,0,0.0,43,0,1,0
baseline_n50_s1,baseline,0,11,71,0,0.0,45,0,1,0
baseline_n50_s1,baseline,0,12,70,0,0.0,70,0,1,0
baseline_n50_s1,baseline,0,13,73,0,0.0,85,0,1,0
baseline_n50_s1,baseline,0,14,74,0,0.0,144,0,1,0
baseline_n50_s1,baseline,0,15,71,0,0.0,58,0,1,0
baseline_n50_s1,baseline,0,16,73,0,0.0,139,0,1,0
baseline_n50_s1,baseline,0,17,74,0,0.0,111,0,1,0
baseline_n50_s1,baseline,0,18,743,0,0.0,170,0,1,0
baseline_n50_s1,baseline,0,19,72,0,0.0,50,0,1,0
baseline_n50_s1,baseline,0,20,186,0,0.0,184,0,1,0
baseline_n50_s1,baseline,0,21,293,0,0.0,107,0,1,0
baseline_n50_s1,baseline,0,22,74,0,0.0,64,0,1,0
baseline_n50_s1,baseline,0,23,74,0,0.0,101,0,1,0
baseline_n50_s1,baseline,0,24,74,0,0.0,172,0,1,0
baseline_n50_s1,baseline,0,25,73,0,0.0,85,0,1,0
baseline_n50_s1,baseline,0,26,73,0,0.0,134,0,1,0
baseline_n50_s1,baseline,0,27,184,0,0.0,143,0,1,0
baseline_n50_s1,baseline,0,28,75,0,0.0,77,0,1,0
baseline_n50_s1,baseline,0,29,76,0,0.0,182,0,1,0
baseline_n50_s1,baseline,0,30,74,0,0.0,69,0,1,0
baseline_n50_s1,baseline,0,31,76,0,0.0,149,0,1,0
baseline_n50_s1,baseline,0,32,75,0,0.0,121,0,1,0
baseline_n50_s1,baseline,0,33,74,0,0.0,173,0,1,0
baseline_n50_s1,baseline,0,34,74,0,0.0,110,0,1,0
baseline_n50_s1,baseline,0,35,410,0,0.0,154,0,1,0
baseline_n50_s1,baseline,0,36,74,0,0.0,164,0,1,0
baseline_n50_s1,baseline,0,37,71,0,0.0,46,0,1,0
baseline_n50_s1,baseline,0,38,72,0,0.0,57,0,1,0
baseline_n50_s1,baseline,0,39,75,0,0.0,100,0,1,0
baseline_n50_s1,baseline,0,40,402,0,0.0,115,0,1,0
baseline_n50_s1,baseline,0,41,74,0,0.0,50,0,1,0
baseline_n50_s1,baseline,0,42,72,0,0.0,173,0,1,0
baseline_n50_s1,baseline,0,43,183,0,0.0,106,0,1,0
baseline_n50_s1,baseline,0,44,71,0,0.0,56,0,1,0
baseline_n50_s1,baseline,0,45,74,0,0.0,163,0,1,0
baseline_n50_s1,baseline,0,46,73,0,0.0,136,0,1,0
baseline_n50_s1,baseline,0,47,74,0,0.0,29,0,1,0
baseline_n50_s1,baseline,0,48,73,0,0.0,104,0,1,0
baseline_n50_s1,baseline,0,49,73,0,0.0,98,0,1,0
baseline_n50_s1,baseline,0,50,1187,0,0.0,219,0,1,0
baseline_n50_s1,baseline,0,51,74,0,0.0,173,0,1,0
attack_n50_s4_d30,attack,30,1,2595,0,0.0,193,52,0,0
attack_n50_s4_d30,attack,30,2,73,0,0.0,110,0,1,0
attack_n50_s4_d30,attack,30,4,76,0,0.0,125,0,1,0
attack_n50_s4_d30,attack,30,5,72,0,0.0,102,0,1,0
attack_n50_s4_d30,attack,30,6,74,0,0.0,80,0,1,0
attack_n50_s4_d30,attack,30,7,73,0,0.0,115,0,1,0
attack_n50_s4_d30,attack,30,8,186,0,0.0,156,0,1,0
attack_n50_s4_d30,attack,30,9,72,0,0.0,103,0,1,0
attack_n50_s4_d30,attack,30,10,74,0,0.0,39,0,1,0
attack_n50_s4_d30,attack,30,11,72,0,0.0,76,0,1,0
attack_n50_s4_d30,attack,30,12,75,0,0.0,89,0,1,0
attack_n50_s4_d30,attack,30,13,74,0,0.0,127,0,1,0
attack_n50_s4_d30,attack,30,14,182,0,0.0,89,0,1,0
attack_n50_s4_d30,attack,30,15,72,0,0.0,48,0,1,0
attack_n50_s4_d30,attack,30,16,405,0,0.0,152,0,1,0
attack_n50_s4_d30,attack,30,18,466,0,0.0,177,0,1,0
attack_n50_s4_d30,attack,30,19,76,0,0.0,131,0,1,0
attack_n50_s4_d30,attack,30,20,74,0,0.0,71,0,1,0
attack_n50_s4_d30,attack,30,22,75,0,0.0,124,0,1,0
attack_n50_s4_d30,attack,30,23,76,0,0.0,79,0,1,0
attack_n50_s4_d30,attack,30,24,75,0,0.0,75,0,1,0
attack_n50_s4_d30,attack,30,25,76,0,0.0,148,0,1,0
attack_n50_s4_d30,attack,30,27,298,0,0.0,162,0,1,0
attack_n50_s4_d30,attack,30,29,74,0,0.0,119,0,1,0
attack_n50_s4_d30,attack,30,30,75,0,0.0,68,0,1,0
attack_n50_s4_d30,attack,30,32,78,0,0.0,81,0,1,0
attack_n50_s4_d30,attack,30,33,74,0,0.0,116,0,1,0
attack_n50_s4_d30,attack,30,34,262,0,0.0,160,0,1,0
attack_n50_s4_d30,attack,30,35,72,0,0.0,43,0,1,0
attack_n50_s4_d30,attack,30,36,73,0,0.0,155,0,1,0
attack_n50_s4_d30,attack,30,38,76,0,0.0,133,0,1,0
attack_n50_s4_d30,attack,30,40,452,0,0.0,94,0,1,0
attack_n50_s4_d30,attack,30,41,184,0,0.0,121,0,1,0
attack_n50_s4_d30,attack,30,42,75,0,0.0,51,0,1,0
attack_n50_s4_d30,attack,30,43,75,0,0.0,87,0,1,0
attack_n50_s4_d30,attack,30,44,699,0,0.0,130,0,1,0
attack_n50_s4_d30,attack,30,45,724,0,0.0,221,0,1,0
attack_n50_s4_d30,attack,30,47,74,0,0.0,150,0,1,0
attack_n50_s4_d30,attack,30,48,72,0,0.0,56,0,1,0
attack_n50_s4_d30,attack,30,49,73,0,0.0,56,0,1,0
attack_n50_s4_d30,attack,30,50,74,0,0.0,84,0,1,0
attack_n50_s4_d30,attack,30,51,72,0,0.0,69,0,1,0
attack_n50_s4_d30,attack,30,3,75,24,0.32,78,0,1,1
attack_n50_s4_d30,attack,30,17,73,12,0.1643835616438356,56,0,1,1
attack_n50_s4_d30,attack,30,21,78,28,0.358974358974359,119,0,1,1
attack_n50_s4_d30,attack,30,26,76,21,0.27631578947368424,158,0,1,1
attack_n50_s4_d30,attack,30,28,74,18,0.24324324324324326,124,0,1,1
attack_n50_s4_d30,attack,30,31,73,25,0.3424657534246575,39,0,1,1
attack_n50_s4_d30,attack,30,37,73,16,0.2191780821917808,90,0,1,1
attack_n50_s4_d30,attack,30,39,75,11,0.14666666666666667,76,0,1,1
attack_n50_s4_d30,attack,30,46,343,108,0.31486880466472306,145,0,1,1
baseline_n20_s5,baseline,0,1,1107,0,0.0,44,20,0,0
baseline_n20_s5,baseline,0,2,403,0,0.0,70,0,1,0
baseline_n20_s5,baseline,0,3,72,0,0.0,43,0,1,0
baseline_n20_s5,baseline,0,4,73,0,0.0,49,0,1,0
baseline_n20_s5,baseline,0,5,70,0,0.0,16,0,1,0
baseline_n20_s5,baseline,0,6,72,0,0.0,30,0,1,0
baseline_n20_s5,baseline,0,7,73,0,0.0,25,0,1,0
baseline_n20_s5,baseline,0,8,838,0,0.0,57,0,1,0
baseline_n20_s5,baseline,0,9,73,0,0.0,35,0,1,0
baseline_n20_s5,baseline,0,10,69,0,0.0,17,0,1,0
baseline_n20_s5,baseline,0,11,388,0,0.0,38,0,1,0
baseline_n20_s5,baseline,0,12,72,0,0.0,39,0,1,0
baseline_n20_s5,baseline,0,13,74,0,0.0,32,0,1,0
baseline_n20_s5,baseline,0,14,182,0,0.0,36,0,1,0
baseline_n20_s5,baseline,0,15,70,0,0.0,26,0,1,0
baseline_n20_s5,baseline,0,16,284,0,0.0,29,0,1,0
baseline_n20_s5,baseline,0,17,73,0,0.0,31,0,1,0
baseline_n20_s5,baseline,0,18,71,0,0.0,27,0,1,0
baseline_n20_s5,baseline,0,19,728,0,0.0,63,0,1,0
baseline_n20_s5,baseline,0,20,71,0,0.0,31,0,1,0
baseline_n20_s5,baseline,0,21,183,0,0.0,47,0,1,0
attack_n100_s3_d60,attack,60,1,4987,0,0.0,449,105,0,0
attack_n100_s3_d60,attack,60,2,80,0,0.0,260,0,1,0
attack_n100_s3_d60,attack,60,3,83,0,0.0,260,0,1,0
attack_n100_s3_d60,attack,60,4,71,0,0.0,208,0,1,0
attack_n100_s3_d60,attack,60,5,72,0,0.0,38,0,1,0
attack_n100_s3_d60,attack,60,8,79,0,0.0,225,0,1,0
attack_n100_s3_d60,attack,60,9,72,0,0.0,114,0,1,0
attack_n100_s3_d60,attack,60,11,727,0,0.0,263,0,1,0
attack_n100_s3_d60,attack,60,12,73,0,0.0,225,0,1,0
attack_n100_s3_d60,attack,60,13,73,0,0.0,155,0,1,0
attack_n100_s3_d60,attack,60,14,74,0,0.0,257,0,1,0
attack_n100_s3_d60,attack,60,15,74,0,0.0,153,0,1,0
attack_n100_s3_d60,attack,60,16,75,0,0.0,266,0,1,0
attack_n100_s3_d60,attack,60,17,78,0,0.0,186,0,1,0
attack_n100_s3_d60,attack,60,18,74,0,0.0,168,0,1,0
attack_n100_s3_d60,attack,60,19,77,0,0.0,142,0,2,0
attack_n100_s3_d60,attack,60,20,71,0,0.0,132,0,1,0
attack_n100_s3_d60,attack,60,21,669,0,0.0,259,0,1,0
attack_n100_s3_d60,attack,60,23,75,0,0.0,151,0,1,0
attack_n100_s3_d60,attack,60,24,73,0,0.0,153,0,1,0
attack_n100_s3_d60,attack,60,25,76,0,0.0,196,0,1,0
attack_n100_s3_d60,attack,60,26,74,0,0.0,136,0,1,0
attack_n100_s3_d60,attack,60,27,1496,0,0.0,368,0,1,0
attack_n100_s3_d60,attack,60,28,80,0,0.0,358,0,1,0
attack_n100_s3_d60,attack,60,29,190,0,0.0,285,0,1,0
attack_n100_s3_d60,attack,60,30,73,0,0.0,147,0,1,0
attack_n100_s3_d60,attack,60,31,72,0,0.0,141,0,1,0
attack_n100_s3_d60,attack,60,34,74,0,0.0,79,0,1,0
attack_n100_s3_d60,attack,60,35,74,0,0.0,213,0,1,0
attack_n100_s3_d60,attack,60,36,73,0,0.0,75,0,1,0
attack_n100_s3_d60,attack,60,37,73,0,0.0,138,0,1,0
attack_n100_s3_d60,attack,60,38,73,0,0.0,221,0,1,0
attack_n100_s3_d60,attack,60,40,77,0,0.0,197,0,1,0
attack_n100_s3_d60,attack,60,41,80,0,0.0,185,0,1,0
attack_n100_s3_d60,attack,60,42,71,0,0.0,76,0,1,0
attack_n100_s3_d60,attack,60,43,75,0,0.0,123,0,1,0
attack_n100_s3_d60,attack,60,44,77,0,0.0,271,0,1,0
attack_n100_s3_d60,attack,60,46,335,0,0.0,227,0,1,0
attack_n100_s3_d60,attack,60,48,73,0,0.0,127,0,1,0
attack_n100_s3_d60,attack,60,49,72,0,0.0,191,0,1,0
attack_n100_s3_d60,attack,60,51,357,0,0.0,349,0,1,0
attack_n100_s3_d60,attack,60,52,74,0,0.0,76,0,1,0
attack_n100_s3_d60,attack,60,53,71,0,0.0,111,0,1,0
attack_n100_s3_d60,attack,60,54,77,0,0.0,202,0,1,0
attack_n100_s3_d60,attack,60,55,72,0,0.0,191,0,1,0
attack_n100_s3_d60,attack,60,56,80,0,0.0,267,0,1,0
attack_n100_s3_d60,attack,60,57,72,0,0.0,239,0,1,0
attack_n100_s3_d60,attack,60,58,74,0,0.0,34,0,1,0
attack_n100_s3_d60,attack,60,59,72,0,0.0,101,0,1,0
attack_n100_s3_d60,attack,60,60,72,0,0.0,181,0,1,0
attack_n100_s3_d60,attack,60,61,79,0,0.0,308,0,1,0
attack_n100_s3_d60,attack,60,62,75,0,0.0,303,0,1,0
attack_n100_s3_d60,attack,60,63,77,0,0.0,312,0,1,0
attack_n100_s3_d60,attack,60,64,71,0,0.0,134,0,1,0
attack_n100_s3_d60,attack,60,65,76,0,0.0,268,0,1,0
attack_n100_s3_d60,attack,60,66,78,0,0.0,291,0,1,0
attack_n100_s3_d60,attack,60,67,73,0,0.0,127,0,1,0
attack_n100_s3_d60,attack,60,68,73,0,0.0,206,0,1,0
attack_n100_s3_d60,attack,60,70,79,0,0.0,290,0,1,0
attack_n100_s3_d60,attack,60,71,75,0,0.0,127,0,1,0
attack_n100_s3_d60,attack,60,74,73,0,0.0,196,0,1,0
attack_n100_s3_d60,attack,60,75,76,0,0.0,326,0,1,0
attack_n100_s3_d60,attack,60,76,343,0,0.0,338,0,1,0
attack_n100_s3_d60,attack,60,77,994,0,0.0,262,0,1,0
attack_n100_s3_d60,attack,60,78,70,0,0.0,96,0,1,0
attack_n100_s3_d60,attack,60,80,73,0,0.0,113,0,1,0
attack_n100_s3_d60,attack,60,81,77,0,0.0,273,0,1,0
attack_n100_s3_d60,attack,60,82,82,0,0.0,338,0,1,0
attack_n100_s3_d60,attack,60,83,561,0,0.0,378,0,1,0
attack_n100_s3_d60,attack,60,84,79,0,0.0,259,0,1,0
attack_n100_s3_d60,attack,60,85,77,0,0.0,309,0,1,0
attack_n100_s3_d60,attack,60,88,73,0,0.0,142,0,1,0
attack_n100_s3_d60,attack,60,89,74,0,0.0,249,0,1,0
attack_n100_s3_d60,attack,60,90,185,0,0.0,299,0,1,0
attack_n100_s3_d60,attack,60,91,73,0,0.0,242,0,1,0
attack_n100_s3_d60,attack,60,92,506,0,0.0,268,0,1,0
attack_n100_s3_d60,attack,60,93,74,0,0.0,174,0,1,0
attack_n100_s3_d60,attack,60,94,295,0,0.0,360,0,1,0
attack_n100_s3_d60,attack,60,96,73,0,0.0,215,0,1,0
attack_n100_s3_d60,attack,60,98,72,0,0.0,194,0,1,0
attack_n100_s3_d60,attack,60,99,80,0,0.0,254,0,1,0
attack_n100_s3_d60,attack,60,100,74,0,0.0,167,0,1,0
attack_n100_s3_d60,attack,60,101,76,0,0.0,193,0,1,0
attack_n100_s3_d60,attack,60,6,82,57,0.6951219512195121,330,0,3,1
attack_n100_s3_d60,attack,60,7,73,43,0.589041095890411,129,0,1,1
attack_n100_s3_d60,attack,60,10,79,44,0.5569620253164557,222,0,1,1
attack_n100_s3_d60,attack,60,22,157,82,0.5222929936305732,232,0,1,1
attack_n100_s3_d60,attack,60,32,73,46,0.6301369863013698,257,0,1,1
attack_n100_s3_d60,attack,60,33,76,48,0.631578947368421,201,0,1,1
attack_n100_s3_d60,attack,60,39,78,42,0.5384615384615384,238,0,1,1
attack_n100_s3_d60,attack,60,45,79,39,0.4936708860759494,325,0,1,1
attack_n100_s3_d60,attack,60,47,81,48,0.5925925925925926,349,0,1,1
attack_n100_s3_d60,attack,60,50,77,50,0.6493506493506493,174,0,1,1
attack_n100_s3_d60,attack,60,69,73,46,0.6301369863013698,41,0,1,1
attack_n100_s3_d60,attack,60,72,74,42,0.5675675675675675,75,0,1,1
attack_n100_s3_d60,attack,60,73,74,45,0.6081081081081081,133,0,1,1
attack_n100_s3_d60,attack,60,79,76,51,0.6710526315789473,185,0,1,1
attack_n100_s3_d60,attack,60,86,75,36,0.48,151,0,1,1
attack_n100_s3_d60,attack,60,87,74,40,0.5405405405405406,296,0,1,1
attack_n100_s3_d60,attack,60,95,85,52,0.611764705882353,302,0,5,1
attack_n100_s3_d60,attack,60,97,78,44,0.5641025641025641,167,0,1,1
attack_n100_s1_d90,attack,90,1,4698,0,0.0,437,112,0,0
attack_n100_s1_d90,attack,90,2,76,0,0.0,125,0,1,0
attack_n100_s1_d90,attack,90,3,78,0,0.0,218,0,1,0
attack_n100_s1_d90,attack,90,4,75,0,0.0,295,0,1,0
attack_n100_s1_d90,attack,90,5,304,0,0.0,208,0,1,0
attack_n100_s1_d90,attack,90,8,71,0,0.0,75,0,1,0
attack_n100_s1_d90,attack,90,9,74,0,0.0,202,0,1,0
attack_n100_s1_d90,attack,90,11,76,0,0.0,107,0,1,0
attack_n100_s1_d90,attack,90,12,313,0,0.0,253,0,1,0
attack_n100_s1_d90,attack,90,13,72,0,0.0,97,0,1,0
attack_n100_s1_d90,attack,90,14,182,0,0.0,85,0,1,0
attack_n100_s1_d90,attack,90,15,74,0,0.0,144,0,1,0
attack_n100_s1_d90,attack,90,16,83,0,0.0,139,0,1,0
attack_n100_s1_d90,attack,90,17,192,0,0.0,234,0,1,0
attack_n100_s1_d90,attack,90,18,182,0,0.0,107,0,1,0
attack_n100_s1_d90,attack,90,19,73,0,0.0,256,0,1,0
attack_n100_s1_d90,attack,90,20,73,0,0.0,183,0,1,0
attack_n100_s1_d90,attack,90,21,1056,0,0.0,249,0,1,0
attack_n100_s1_d90,attack,90,23,75,0,0.0,128,0,1,0
attack_n100_s1_d90,attack,90,24,74,0,0.0,224,0,1,0
attack_n100_s1_d90,attack,90,25,962,0,0.0,238,0,1,0
attack_n100_s1_d90,attack,90,26,73,0,0.0,83,0,1,0
attack_n100_s1_d90,attack,90,27,73,0,0.0,177,0,1,0
attack_n100_s1_d90,attack,90,28,89,0,0.0,221,0,1,0
attack_n100_s1_d90,attack,90,29,73,0,0.0,127,0,1,0
attack_n100_s1_d90,attack,90,30,74,0,0.0,178,0,1,0
attack_n100_s1_d90,attack,90,31,295,0,0.0,248,0,1,0
attack_n100_s1_d90,attack,90,34,72,0,0.0,106,0,1,0
attack_n100_s1_d90,attack,90,35,194,0,0.0,302,0,1,0
attack_n100_s1_d90,attack,90,36,182,0,0.0,122,0,1,0
attack_n100_s1_d90,attack,90,37,75,0,0.0,241,0,1,0
attack_n100_s1_d90,attack,90,38,645,0,0.0,255,0,1,0
attack_n100_s1_d90,attack,90,40,295,0,0.0,247,0,1,0
attack_n100_s1_d90,attack,90,41,73,0,0.0,236,0,1,0
attack_n100_s1_d90,attack,90,42,73,0,0.0,205,0,1,0
attack_n100_s1_d90,attack,90,43,82,0,0.0,258,0,1,0
attack_n100_s1_d90,attack,90,44,70,0,0.0,111,0,1,0
attack_n100_s1_d90,attack,90,46,73,0,0.0,141,0,1,0
attack_n100_s1_d90,attack,90,48,74,0,0.0,127,0,1,0
attack_n100_s1_d90,attack,90,49,182,0,0.0,186,0,1,0
attack_n100_s1_d90,attack,90,51,71,0,0.0,81,0,1,0
attack_n100_s1_d90,attack,90,52,75,0,0.0,246,0,1,0
attack_n100_s1_d90,attack,90,53,78,0,0.0,166,0,1,0
attack_n100_s1_d90,attack,90,54,74,0,0.0,94,0,1,0
attack_n100_s1_d90,attack,90,55,74,0,0.0,252,0,1,0
attack_n100_s1_d90,attack,90,56,73,0,0.0,222,0,1,0
attack_n100_s1_d90,attack,90,57,76,0,0.0,62,0,1,0
attack_n100_s1_d90,attack,90,58,73,0,0.0,140,0,1,0
attack_n100_s1_d90,attack,90,59,73,0,0.0,136,0,1,0
attack_n100_s1_d90,attack,90,60,76,0,0.0,225,0,1,0
attack_n100_s1_d90,attack,90,61,77,0,0.0,292,0,1,0
attack_n100_s1_d90,attack,90,62,72,0,0.0,90,0,1,0
attack_n100_s1_d90,attack,90,63,80,0,0.0,194,0,1,0
attack_n100_s1_d90,attack,90,64,75,0,0.0,304,0,1,0
attack_n100_s1_d90,attack,90,65,74,0,0.0,261,0,1,0
attack_n100_s1_d90,attack,90,66,75,0,0.0,226,0,1,0
attack_n100_s1_d90,attack,90,67,73,0,0.0,278,0,1,0
attack_n100_s1_d90,attack,90,68,72,0,0.0,125,0,1,0
attack_n100_s1_d90,attack,90,70,76,0,0.0,204,0,1,0
attack_n100_s1_d90,attack,90,71,74,0,0.0,124,0,1,0
attack_n100_s1_d90,attack,90,74,75,0,0.0,133,0,1,0
attack_n100_s1_d90,attack,90,75,74,0,0.0,149,0,1,0
attack_n100_s1_d90,attack,90,76,78,0,0.0,133,0,1,0
attack_n100_s1_d90,attack,90,77,72,0,0.0,69,0,1,0
attack_n100_s1_d90,attack,90,78,75,0,0.0,219,0,1,0
attack_n100_s1_d90,attack,90,80,73,0,0.0,161,0,1,0
attack_n100_s1_d90,attack,90,81,72,0,0.0,137,0,1,0
attack_n100_s1_d90,attack,90,82,75,0,0.0,206,0,1,0
attack_n100_s1_d90,attack,90,83,76,0,0.0,179,0,1,0
attack_n100_s1_d90,attack,90,84,74,0,0.0,242,0,1,0
attack_n100_s1_d90,attack,90,85,74,0,0.0,223,0,1,0
attack_n100_s1_d90,attack,90,88,74,0,0.0,151,0,1,0
attack_n100_s1_d90,attack,90,89,183,0,0.0,198,0,1,0
attack_n100_s1_d90,attack,90,90,74,0,0.0,88,0,1,0
attack_n100_s1_d90,attack,90,91,191,0,0.0,217,0,1,0
attack_n100_s1_d90,attack,90,92,197,0,0.0,190,0,1,0
attack_n100_s1_d90,attack,90,93,72,0,0.0,66,0,1,0
attack_n100_s1_d90,attack,90,94,73,0,0.0,143,0,1,0
attack_n100_s1_d90,attack,90,96,74,0,0.0,159,0,1,0
attack_n100_s1_d90,attack,90,98,74,0,0.0,234,0,1,0
attack_n100_s1_d90,attack,90,99,72,0,0.0,89,0,1,0
attack_n100_s1_d90,attack,90,100,852,0,0.0,286,0,1,0
attack_n100_s1_d90,attack,90,101,75,0,0.0,214,0,1,0
attack_n100_s1_d90,attack,90,6,82,75,0.9146341463414634,226,0,4,1
attack_n100_s1_d90,attack,90,7,77,67,0.8701298701298701,232,0,3,1
attack_n100_s1_d90,attack,90,10,72,60,0.8333333333333334,139,0,1,1
attack_n100_s1_d90,attack,90,22,82,72,0.8780487804878049,85,0,5,1
attack_n100_s1_d90,attack,90,32,75,69,0.92,161,0,1,1
attack_n100_s1_d90,attack,90,33,82,67,0.8170731707317073,109,0,5,1
attack_n100_s1_d90,attack,90,39,102,96,0.9411764705882353,237,0,10,1
attack_n100_s1_d90,attack,90,45,92,82,0.8913043478260869,109,0,10,1
attack_n100_s1_d90,attack,90,47,96,84,0.875,108,0,13,1
attack_n100_s1_d90,attack,90,50,75,66,0.88,88,0,1,1
attack_n100_s1_d90,attack,90,69,79,69,0.8734177215189873,197,0,1,1
attack_n100_s1_d90,attack,90,72,75,66,0.88,87,0,1,1
attack_n100_s1_d90,attack,90,73,75,70,0.9333333333333333,284,0,1,1
attack_n100_s1_d90,attack,90,79,76,73,0.9605263157894737,241,0,1,1
attack_n100_s1_d90,attack,90,86,94,84,0.8936170212765957,195,0,8,1
attack_n100_s1_d90,attack,90,87,89,84,0.9438202247191011,192,0,7,1
attack_n100_s1_d90,attack,90,95,91,86,0.945054945054945,162,0,7,1
attack_n100_s1_d90,attack,90,97,76,69,0.9078947368421053,237,0,1,1
attack_n100_s3_d30,attack,30,1,5325,0,0.0,409,105,0,0
attack_n100_s3_d30,attack,30,2,74,0,0.0,191,0,1,0
attack_n100_s3_d30,attack,30,3,76,0,0.0,202,0,1,0
attack_n100_s3_d30,attack,30,4,75,0,0.0,186,0,1,0
attack_n100_s3_d30,attack,30,5,73,0,0.0,39,0,1,0
attack_n100_s3_d30,attack,30,8,74,0,0.0,159,0,1,0
attack_n100_s3_d30,attack,30,9,73,0,0.0,131,0,1,0
attack_n100_s3_d30,attack,30,11,76,0,0.0,198,0,1,0
attack_n100_s3_d30,attack,30,12,74,0,0.0,206,0,1,0
attack_n100_s3_d30,attack,30,13,72,0,0.0,169,0,1,0
attack_n100_s3_d30,attack,30,14,780,0,0.0,261,0,1,0
attack_n100_s3_d30,attack,30,15,72,0,0.0,152,0,1,0
attack_n100_s3_d30,attack,30,16,186,0,0.0,258,0,1,0
attack_n100_s3_d30,attack,30,17,73,0,0.0,150,0,1,0
attack_n100_s3_d30,attack,30,18,75,0,0.0,179,0,1,0
attack_n100_s3_d30,attack,30,19,74,0,0.0,156,0,1,0
attack_n100_s3_d30,attack,30,20,72,0,0.0,146,0,1,0
attack_n100_s3_d30,attack,30,21,292,0,0.0,202,0,1,0
attack_n100_s3_d30,attack,30,23,75,0,0.0,136,0,1,0
attack_n100_s3_d30,attack,30,24,73,0,0.0,162,0,1,0
attack_n100_s3_d30,attack,30,25,73,0,0.0,132,0,1,0
attack_n100_s3_d30,attack,30,26,74,0,0.0,154,0,1,0
attack_n100_s3_d30,attack,30,27,1544,0,0.0,358,0,1,0
attack_n100_s3_d30,attack,30,28,76,0,0.0,300,0,1,0
attack_n100_s3_d30,attack,30,29,185,0,0.0,246,0,1,0
attack_n100_s3_d30,attack,30,30,73,0,0.0,157,0,1,0
attack_n100_s3_d30,attack,30,31,75,0,0.0,160,0,1,0
attack_n100_s3_d30,attack,30,34,73,0,0.0,92,0,1,0
attack_n100_s3_d30,attack,30,35,74,0,0.0,205,0,1,0
attack_n100_s3_d30,attack,30,36,71,0,0.0,87,0,1,0
attack_n100_s3_d30,attack,30,37,73,0,0.0,157,0,1,0
attack_n100_s3_d30,attack,30,38,72,0,0.0,216,0,1,0
attack_n100_s3_d30,attack,30,40,76,0,0.0,208,0,1,0
attack_n100_s3_d30,attack,30,41,71,0,0.0,146,0,1,0
attack_n100_s3_d30,attack,30,42,74,0,0.0,90,0,1,0
attack_n100_s3_d30,attack,30,43,75,0,0.0,97,0,1,0
attack_n100_s3_d30,attack,30,44,72,0,0.0,222,0,1,0
attack_n100_s3_d30,attack,30,46,381,0,0.0,189,0,1,0
attack_n100_s3_d30,attack,30,48,73,0,0.0,134,0,1,0
attack_n100_s3_d30,attack,30,49,72,0,0.0,173,0,1,0
attack_n100_s3_d30,attack,30,51,692,0,0.0,346,0,1,0
attack_n100_s3_d30,attack,30,52,74,0,0.0,86,0,1,0
attack_n100_s3_d30,attack,30,53,73,0,0.0,119,0,1,0
attack_n100_s3_d30,attack,30,54,74,0,0.0,160,0,1,0
attack_n100_s3_d30,attack,30,55,74,0,0.0,172,0,1,0
attack_n100_s3_d30,attack,30,56,76,0,0.0,178,0,1,0
attack_n100_s3_d30,attack,30,57,71,0,0.0,209,0,1,0
attack_n100_s3_d30,attack,30,58,75,0,0.0,32,0,1,0
attack_n100_s3_d30,attack,30,59,75,0,0.0,101,0,1,0
attack_n100_s3_d30,attack,30,60,72,0,0.0,191,0,1,0
attack_n100_s3_d30,attack,30,61,73,0,0.0,245,0,1,0
attack_n100_s3_d30,attack,30,62,74,0,0.0,288,0,1,0
attack_n100_s3_d30,attack,30,63,75,0,0.0,266,0,1,0
attack_n100_s3_d30,attack,30,64,73,0,0.0,150,0,1,0
attack_n100_s3_d30,attack,30,65,74,0,0.0,214,0,1,0
attack_n100_s3_d30,attack,30,66,185,0,0.0,195,0,1,0
attack_n100_s3_d30,attack,30,67,72,0,0.0,144,0,1,0
attack_n100_s3_d30,attack,30,68,72,0,0.0,183,0,1,0
attack_n100_s3_d30,attack,30,70,74,0,0.0,220,0,1,0
attack_n100_s3_d30,attack,30,71,77,0,0.0,91,0,1,0
attack_n100_s3_d30,attack,30,74,73,0,0.0,174,0,1,0
attack_n100_s3_d30,attack,30,75,76,0,0.0,298,0,1,0
attack_n100_s3_d30,attack,30,76,289,0,0.0,318,0,1,0
attack_n100_s3_d30,attack,30,77,1215,0,0.0,295,0,1,0
attack_n100_s3_d30,attack,30,78,72,0,0.0,64,0,1,0
attack_n100_s3_d30,attack,30,80,73,0,0.0,127,0,1,0
attack_n100_s3_d30,attack,30,81,141,0,0.0,187,0,1,0
attack_n100_s3_d30,attack,30,82,76,0,0.0,306,0,1,0
attack_n100_s3_d30,attack,30,83,808,0,0.0,303,0,1,0
attack_n100_s3_d30,attack,30,84,74,0,0.0,199,0,1,0
attack_n100_s3_d30,attack,30,85,74,0,0.0,212,0,1,0
attack_n100_s3_d30,attack,30,88,76,0,0.0,151,0,1,0
attack_n100_s3_d30,attack,30,89,77,0,0.0,206,0,1,0
attack_n100_s3_d30,attack,30,90,77,0,0.0,215,0,1,0
attack_n100_s3_d30,attack,30,91,73,0,0.0,244,0,1,0
attack_n100_s3_d30,attack,30,92,356,0,0.0,192,0,1,0
attack_n100_s3_d30,attack,30,93,72,0,0.0,166,0,1,0
attack_n100_s3_d30,attack,30,94,182,0,0.0,256,0,1,0
attack_n100_s3_d30,attack,30,96,76,0,0.0,229,0,1,0
attack_n100_s3_d30,attack,30,98,71,0,0.0,200,0,1,0
attack_n100_s3_d30,attack,30,99,75,0,0.0,198,0,1,0
attack_n100_s3_d30,attack,30,100,71,0,0.0,174,0,1,0
attack_n100_s3_d30,attack,30,101,74,0,0.0,136,0,1,0
attack_n100_s3_d30,attack,30,6,77,22,0.2857142857142857,276,0,1,1
attack_n100_s3_d30,attack,30,7,75,23,0.30666666666666664,149,0,1,1
attack_n100_s3_d30,attack,30,10,75,27,0.36,155,0,1,1
attack_n100_s3_d30,attack,30,22,74,23,0.3108108108108108,244,0,1,1
attack_n100_s3_d30,attack,30,32,77,20,0.2597402597402597,247,0,1,1
attack_n100_s3_d30,attack,30,33,74,29,0.3918918918918919,136,0,1,1
attack_n100_s3_d30,attack,30,39,74,20,0.2702702702702703,239,0,1,1
attack_n100_s3_d30,attack,30,45,75,13,0.17333333333333334,227,0,1,1
attack_n100_s3_d30,attack,30,47,74,13,0.17567567567567569,263,0,1,1
attack_n100_s3_d30,attack,30,50,73,21,0.2876712328767123,178,0,1,1
attack_n100_s3_d30,attack,30,69,73,16,0.2191780821917808,36,0,1,1
attack_n100_s3_d30,attack,30,72,74,20,0.2702702702702703,84,0,1,1
attack_n100_s3_d30,attack,30,73,75,25,0.3333333333333333,126,0,1,1
attack_n100_s3_d30,attack,30,79,74,18,0.24324324324324326,192,0,1,1
attack_n100_s3_d30,attack,30,86,73,23,0.3150684931506849,166,0,1,1
attack_n100_s3_d30,attack,30,87,75,24,0.32,280,0,1,1
attack_n100_s3_d30,attack,30,95,75,14,0.18666666666666668,207,0,1,1
attack_n100_s3_d30,attack,30,97,73,22,0.3013698630136986,114,0,1,1
attack_n50_s4_d60,attack,60,1,2483,0,0.0,186,51,0,0
attack_n50_s4_d60,attack,60,2,73,0,0.0,103,0,1,0
attack_n50_s4_d60,attack,60,4,73,0,0.0,118,0,1,0
attack_n50_s4_d60,attack,60,5,73,0,0.0,98,0,1,0
attack_n50_s4_d60,attack,60,6,74,0,0.0,74,0,1,0
attack_n50_s4_d60,attack,60,7,184,0,0.0,115,0,1,0
attack_n50_s4_d60,attack,60,8,186,0,0.0,135,0,1,0
attack_n50_s4_d60,attack,60,9,74,0,0.0,95,0,1,0
attack_n50_s4_d60,attack,60,10,73,0,0.0,34,0,1,0
attack_n50_s4_d60,attack,60,11,73,0,0.0,79,0,1,0
attack_n50_s4_d60,attack,60,12,72,0,0.0,82,0,1,0
attack_n50_s4_d60,attack,60,13,73,0,0.0,124,0,1,0
attack_n50_s4_d60,attack,60,14,181,0,0.0,77,0,1,0
attack_n50_s4_d60,attack,60,15,73,0,0.0,44,0,1,0
attack_n50_s4_d60,attack,60,16,399,0,0.0,129,0,1,0
attack_n50_s4_d60,attack,60,18,532,0,0.0,166,0,1,0
attack_n50_s4_d60,attack,60,19,75,0,0.0,124,0,1,0
attack_n50_s4_d60,attack,60,20,74,0,0.0,63,0,1,0
attack_n50_s4_d60,attack,60,22,74,0,0.0,123,0,1,0
attack_n50_s4_d60,attack,60,23,73,0,0.0,74,0,1,0
attack_n50_s4_d60,attack,60,24,73,0,0.0,73,0,1,0
attack_n50_s4_d60,attack,60,25,76,0,0.0,151,0,1,0
attack_n50_s4_d60,attack,60,27,517,0,0.0,159,0,1,0
attack_n50_s4_d60,attack,60,29,73,0,0.0,110,0,1,0
attack_n50_s4_d60,attack,60,30,74,0,0.0,58,0,1,0
attack_n50_s4_d60,attack,60,32,76,0,0.0,76,0,1,0
attack_n50_s4_d60,attack,60,33,74,0,0.0,126,0,1,0
attack_n50_s4_d60,attack,60,34,74,0,0.0,148,0,1,0
attack_n50_s4_d60,attack,60,35,71,0,0.0,39,0,1,0
attack_n50_s4_d60,attack,60,36,74,0,0.0,147,0,1,0
attack_n50_s4_d60,attack,60,38,294,0,0.0,143,0,1,0
attack_n50_s4_d60,attack,60,40,385,0,0.0,87,0,1,0
attack_n50_s4_d60,attack,60,41,184,0,0.0,126,0,1,0
attack_n50_s4_d60,attack,60,42,72,0,0.0,43,0,1,0
attack_n50_s4_d60,attack,60,43,74,0,0.0,74,0,1,0
attack_n50_s4_d60,attack,60,44,556,0,0.0,122,0,1,0
attack_n50_s4_d60,attack,60,45,672,0,0.0,209,0,1,0
attack_n50_s4_d60,attack,60,47,74,0,0.0,138,0,1,0
attack_n50_s4_d60,attack,60,48,71,0,0.0,54,0,1,0
attack_n50_s4_d60,attack,60,49,73,0,0.0,53,0,1,0
attack_n50_s4_d60,attack,60,50,76,0,0.0,74,0,1,0
attack_n50_s4_d60,attack,60,51,73,0,0.0,64,0,1,0
attack_n50_s4_d60,attack,60,3,74,40,0.5405405405405406,66,0,1,1
attack_n50_s4_d60,attack,60,17,72,40,0.5555555555555556,47,0,1,1
attack_n50_s4_d60,attack,60,21,76,50,0.6578947368421053,114,0,1,1
attack_n50_s4_d60,attack,60,26,75,44,0.5866666666666667,154,0,1,1
attack_n50_s4_d60,attack,60,28,74,41,0.5540540540540541,117,0,1,1
attack_n50_s4_d60,attack,60,31,73,46,0.6301369863013698,32,0,1,1
attack_n50_s4_d60,attack,60,37,75,48,0.64,89,0,1,1
attack_n50_s4_d60,attack,60,39,75,45,0.6,71,0,1,1
attack_n50_s4_d60,attack,60,46,77,44,0.5714285714285714,138,0,1,1
attack_n20_s4_d30,attack,30,1,1067,0,0.0,54,20,0,0
attack_n20_s4_d30,attack,30,2,76,0,0.0,50,0,1,0
attack_n20_s4_d30,attack,30,3,72,0,0.0,41,0,1,0
attack_n20_s4_d30,attack,30,4,72,0,0.0,22,0,1,0
attack_n20_s4_d30,attack,30,5,74,0,0.0,53,0,1,0
attack_n20_s4_d30,attack,30,6,72,0,0.0,44,0,1,0
attack_n20_s4_d30,attack,30,7,75,0,0.0,72,0,1,0
attack_n20_s4_d30,attack,30,8,72,0,0.0,41,0,1,0
attack_n20_s4_d30,attack,30,9,66,0,0.0,7,0,1,0
attack_n20_s4_d30,attack,30,12,183,0,0.0,52,0,1,0
attack_n20_s4_d30,attack,30,14,178,0,0.0,46,0,1,0
attack_n20_s4_d30,attack,30,15,287,0,0.0,39,0,1,0
attack_n20_s4_d30,attack,30,16,75,0,0.0,45,0,1,0
attack_n20_s4_d30,attack,30,17,69,0,0.0,13,0,1,0
attack_n20_s4_d30,attack,30,18,679,0,0.0,67,0,1,0
attack_n20_s4_d30,attack,30,19,845,0,0.0,87,0,1,0
attack_n20_s4_d30,attack,30,20,72,0,0.0,53,0,1,0
attack_n20_s4_d30,attack,30,21,72,0,0.0,31,0,1,0
attack_n20_s4_d30,attack,30,10,75,25,0.3333333333333333,58,0,1,1
attack_n20_s4_d30,attack,30,11,73,20,0.273972602739726,44,0,1,1
attack_n20_s4_d30,attack,30,13,75,19,0.25333333333333335,44,0,1,1
baseline_n100_s1,baseline,0,1,5614,0,0.0,489,105,0,0
baseline_n100_s1,baseline,0,2,75,0,0.0,144,0,2,0
baseline_n100_s1,baseline,0,3,75,0,0.0,216,0,1,0
baseline_n100_s1,baseline,0,4,75,0,0.0,307,0,1,0
baseline_n100_s1,baseline,0,5,291,0,0.0,227,0,1,0
baseline_n100_s1,baseline,0,6,71,0,0.0,81,0,1,0
baseline_n100_s1,baseline,0,7,73,0,0.0,200,0,1,0
baseline_n100_s1,baseline,0,8,184,0,0.0,89,0,1,0
baseline_n100_s1,baseline,0,9,74,0,0.0,269,0,1,0
baseline_n100_s1,baseline,0,10,73,0,0.0,115,0,1,0
baseline_n100_s1,baseline,0,11,72,0,0.0,68,0,1,0
baseline_n100_s1,baseline,0,12,73,0,0.0,162,0,1,0
baseline_n100_s1,baseline,0,13,74,0,0.0,137,0,1,0
baseline_n100_s1,baseline,0,14,185,0,0.0,262,0,1,0
baseline_n100_s1,baseline,0,15,71,0,0.0,113,0,1,0
baseline_n100_s1,baseline,0,16,76,0,0.0,287,0,1,0
baseline_n100_s1,baseline,0,17,74,0,0.0,217,0,1,0
baseline_n100_s1,baseline,0,18,289,0,0.0,282,0,1,0
baseline_n100_s1,baseline,0,19,180,0,0.0,133,0,1,0
baseline_n100_s1,baseline,0,20,76,0,0.0,230,0,1,0
baseline_n100_s1,baseline,0,21,959,0,0.0,260,0,1,0
baseline_n100_s1,baseline,0,22,72,0,0.0,94,0,1,0
baseline_n100_s1,baseline,0,23,77,0,0.0,213,0,1,0
baseline_n100_s1,baseline,0,24,74,0,0.0,254,0,1,0
baseline_n100_s1,baseline,0,25,72,0,0.0,128,0,1,0
baseline_n100_s1,baseline,0,26,72,0,0.0,210,0,1,0
baseline_n100_s1,baseline,0,27,74,0,0.0,262,0,1,0
baseline_n100_s1,baseline,0,28,71,0,0.0,119,0,1,0
baseline_n100_s1,baseline,0,29,76,0,0.0,298,0,1,0
baseline_n100_s1,baseline,0,30,75,0,0.0,122,0,1,0
baseline_n100_s1,baseline,0,31,75,0,0.0,220,0,1,0
baseline_n100_s1,baseline,0,32,76,0,0.0,247,0,1,0
baseline_n100_s1,baseline,0,33,74,0,0.0,261,0,1,0
baseline_n100_s1,baseline,0,34,74,0,0.0,267,0,1,0
baseline_n100_s1,baseline,0,35,845,0,0.0,269,0,1,0
baseline_n100_s1,baseline,0,36,75,0,0.0,281,0,1,0
baseline_n100_s1,baseline,0,37,73,0,0.0,113,0,1,0
baseline_n100_s1,baseline,0,38,74,0,0.0,160,0,1,0
baseline_n100_s1,baseline,0,39,74,0,0.0,145,0,1,0
baseline_n100_s1,baseline,0,40,182,0,0.0,194,0,1,0
baseline_n100_s1,baseline,0,41,75,0,0.0,87,0,1,0
baseline_n100_s1,baseline,0,42,72,0,0.0,234,0,1,0
baseline_n100_s1,baseline,0,43,75,0,0.0,170,0,1,0
baseline_n100_s1,baseline,0,44,70,0,0.0,105,0,1,0
baseline_n100_s1,baseline,0,45,75,0,0.0,278,0,1,0
baseline_n100_s1,baseline,0,46,83,0,0.0,275,0,1,0
baseline_n100_s1,baseline,0,47,72,0,0.0,48,0,1,0
baseline_n100_s1,baseline,0,48,75,0,0.0,161,0,1,0
baseline_n100_s1,baseline,0,49,71,0,0.0,167,0,1,0
baseline_n100_s1,baseline,0,50,1056,0,0.0,294,0,1,0
baseline_n100_s1,baseline,0,51,73,0,0.0,279,0,1,0
baseline_n100_s1,baseline,0,52,73,0,0.0,123,0,1,0
baseline_n100_s1,baseline,0,53,400,0,0.0,256,0,1,0
baseline_n100_s1,baseline,0,54,75,0,0.0,322,0,1,0
baseline_n100_s1,baseline,0,55,75,0,0.0,266,0,1,0
baseline_n100_s1,baseline,0,56,74,0,0.0,283,0,1,0
baseline_n100_s1,baseline,0,57,76,0,0.0,286,0,1,0
baseline_n100_s1,baseline,0,58,71,0,0.0,123,0,1,0
baseline_n100_s1,baseline,0,59,73,0,0.0,240,0,1,0
baseline_n100_s1,baseline,0,60,72,0,0.0,140,0,1,0
baseline_n100_s1,baseline,0,61,73,0,0.0,152,0,1,0
baseline_n100_s1,baseline,0,62,72,0,0.0,173,0,1,0
baseline_n100_s1,baseline,0,63,75,0,0.0,129,0,1,0
baseline_n100_s1,baseline,0,64,73,0,0.0,77,0,1,0
baseline_n100_s1,baseline,0,65,72,0,0.0,213,0,1,0
baseline_n100_s1,baseline,0,66,72,0,0.0,196,0,1,0
baseline_n100_s1,baseline,0,67,76,0,0.0,139,0,1,0
baseline_n100_s1,baseline,0,68,74,0,0.0,236,0,1,0
baseline_n100_s1,baseline,0,69,74,0,0.0,192,0,1,0
baseline_n100_s1,baseline,0,70,74,0,0.0,241,0,1,0
baseline_n100_s1,baseline,0,71,76,0,0.0,249,0,1,0
baseline_n100_s1,baseline,0,72,73,0,0.0,174,0,1,0
baseline_n100_s1,baseline,0,73,406,0,0.0,208,0,1,0
baseline_n100_s1,baseline,0,74,75,0,0.0,107,0,1,0
baseline_n100_s1,baseline,0,75,76,0,0.0,212,0,1,0
baseline_n100_s1,baseline,0,76,293,0,0.0,221,0,1,0
baseline_n100_s1,baseline,0,77,72,0,0.0,76,0,1,0
baseline_n100_s1,baseline,0,78,75,0,0.0,176,0,1,0
baseline_n100_s1,baseline,0,79,76,0,0.0,191,0,1,0
baseline_n100_s1,baseline,0,80,77,0,0.0,247,0,1,0
baseline_n100_s1,baseline,0,81,74,0,0.0,104,0,1,0
baseline_n100_s1,baseline,0,82,74,0,0.0,236,0,1,0
baseline_n100_s1,baseline,0,83,75,0,0.0,259,0,1,0
baseline_n100_s1,baseline,0,84,74,0,0.0,256,0,1,0
baseline_n100_s1,baseline,0,85,74,0,0.0,258,0,1,0
baseline_n100_s1,baseline,0,86,180,0,0.0,155,0,1,0
baseline_n100_s1,baseline,0,87,72,0,0.0,93,0,1,0
baseline_n100_s1,baseline,0,88,74,0,0.0,171,0,1,0
baseline_n100_s1,baseline,0,89,73,0,0.0,120,0,1,0
baseline_n100_s1,baseline,0,90,75,0,0.0,223,0,1,0
baseline_n100_s1,baseline,0,91,73,0,0.0,120,0,1,0
baseline_n100_s1,baseline,0,92,74,0,0.0,77,0,1,0
baseline_n100_s1,baseline,0,93,73,0,0.0,97,0,1,0
baseline_n100_s1,baseline,0,94,73,0,0.0,212,0,1,0
baseline_n100_s1,baseline,0,95,72,0,0.0,91,0,1,0
baseline_n100_s1,baseline,0,96,76,0,0.0,301,0,1,0
baseline_n100_s1,baseline,0,97,74,0,0.0,267,0,1,0
baseline_n100_s1,baseline,0,98,391,0,0.0,269,0,1,0
baseline_n100_s1,baseline,0,99,74,0,0.0,204,0,1,0
baseline_n100_s1,baseline,0,100,73,0,0.0,193,0,1,0
baseline_n100_s1,baseline,0,101,1289,0,0.0,330,0,1,0
baseline_n50_s5,baseline,0,1,2780,0,0.0,129,51,0,0
baseline_n50_s5,baseline,0,2,623,0,0.0,136,0,1,0
baseline_n50_s5,baseline,0,3,73,0,0.0,78,0,1,0
baseline_n50_s5,baseline,0,4,74,0,0.0,83,0,1,0
baseline_n50_s5,baseline,0,5,73,0,0.0,93,0,1,0
baseline_n50_s5,baseline,0,6,73,0,0.0,63,0,1,0
baseline_n50_s5,baseline,0,7,74,0,0.0,44,0,1,0
baseline_n50_s5,baseline,0,8,512,0,0.0,112,0,1,0
baseline_n50_s5,baseline,0,9,74,0,0.0,96,0,1,0
baseline_n50_s5,baseline,0,10,72,0,0.0,68,0,1,0
baseline_n50_s5,baseline,0,11,182,0,0.0,102,0,1,0
baseline_n50_s5,baseline,0,12,71,0,0.0,61,0,1,0
baseline_n50_s5,baseline,0,13,72,0,0.0,54,0,1,0
baseline_n50_s5,baseline,0,14,183,0,0.0,76,0,1,0
baseline_n50_s5,baseline,0,15,71,0,0.0,67,0,1,0
baseline_n50_s5,baseline,0,16,76,0,0.0,104,0,1,0
baseline_n50_s5,baseline,0,17,74,0,0.0,61,0,1,0
baseline_n50_s5,baseline,0,18,73,0,0.0,74,0,1,0
baseline_n50_s5,baseline,0,19,512,0,0.0,158,0,1,0
baseline_n50_s5,baseline,0,20,74,0,0.0,76,0,1,0
baseline_n50_s5,baseline,0,21,294,0,0.0,89,0,1,0
baseline_n50_s5,baseline,0,22,72,0,0.0,56,0,1,0
baseline_n50_s5,baseline,0,23,74,0,0.0,95,0,1,0
baseline_n50_s5,baseline,0,24,73,0,0.0,79,0,1,0
baseline_n50_s5,baseline,0,25,1280,0,0.0,167,0,1,0
baseline_n50_s5,baseline,0,26,182,0,0.0,80,0,1,0
baseline_n50_s5,baseline,0,27,186,0,0.0,156,0,1,0
baseline_n50_s5,baseline,0,28,290,0,0.0,67,0,1,0
baseline_n50_s5,baseline,0,29,294,0,0.0,139,0,1,0
baseline_n50_s5,baseline,0,30,179,0,0.0,54,0,1,0
baseline_n50_s5,baseline,0,31,71,0,0.0,36,0,1,0
baseline_n50_s5,baseline,0,32,74,0,0.0,89,0,1,0
baseline_n50_s5,baseline,0,33,73,0,0.0,84,0,1,0
baseline_n50_s5,baseline,0,34,72,0,0.0,117,0,1,0
baseline_n50_s5,baseline,0,35,72,0,0.0,51,0,1,0
baseline_n50_s5,baseline,0,36,73,0,0.0,67,0,1,0
baseline_n50_s5,baseline,0,37,73,0,0.0,121,0,1,0
baseline_n50_s5,baseline,0,38,70,0,0.0,60,0,1,0
baseline_n50_s5,baseline,0,39,959,0,0.0,160,0,1,0
baseline_n50_s5,baseline,0,40,185,0,0.0,144,0,1,0
baseline_n50_s5,baseline,0,41,182,0,0.0,110,0,1,0
baseline_n50_s5,baseline,0,42,73,0,0.0,91,0,1,0
baseline_n50_s5,baseline,0,43,72,0,0.0,69,0,1,0
baseline_n50_s5,baseline,0,44,73,0,0.0,98,0,1,0
baseline_n50_s5,baseline,0,45,73,0,0.0,100,0,1,0
baseline_n50_s5,baseline,0,46,74,0,0.0,136,0,1,0
baseline_n50_s5,baseline,0,47,74,0,0.0,118,0,1,0
baseline_n50_s5,baseline,0,48,182,0,0.0,100,0,1,0
baseline_n50_s5,baseline,0,49,72,0,0.0,76,0,1,0
baseline_n50_s5,baseline,0,50,73,0,0.0,84,0,1,0
baseline_n50_s5,baseline,0,51,71,0,0.0,71,0,1,0
baseline_n50_s3,baseline,0,1,2786,0,0.0,152,51,0,0
baseline_n50_s3,baseline,0,2,190,0,0.0,83,0,1,0
baseline_n50_s3,baseline,0,3,76,0,0.0,85,0,1,0
baseline_n50_s3,baseline,0,4,73,0,0.0,115,0,1,0
baseline_n50_s3,baseline,0,5,73,0,0.0,30,0,1,0
baseline_n50_s3,baseline,0,6,180,0,0.0,70,0,1,0
baseline_n50_s3,baseline,0,7,74,0,0.0,58,0,1,0
baseline_n50_s3,baseline,0,8,407,0,0.0,121,0,1,0
baseline_n50_s3,baseline,0,9,69,0,0.0,101,0,1,0
baseline_n50_s3,baseline,0,10,292,0,0.0,115,0,1,0
baseline_n50_s3,baseline,0,11,402,0,0.0,145,0,1,0
baseline_n50_s3,baseline,0,12,72,0,0.0,85,0,1,0
baseline_n50_s3,baseline,0,13,76,0,0.0,139,0,1,0
baseline_n50_s3,baseline,0,14,75,0,0.0,58,0,2,0
baseline_n50_s3,baseline,0,15,72,0,0.0,71,0,1,0
baseline_n50_s3,baseline,0,16,184,0,0.0,109,0,1,0
baseline_n50_s3,baseline,0,17,181,0,0.0,94,0,1,0
baseline_n50_s3,baseline,0,18,1068,0,0.0,146,0,1,0
baseline_n50_s3,baseline,0,19,74,0,0.0,83,0,1,0
baseline_n50_s3,baseline,0,20,71,0,0.0,91,0,1,0
baseline_n50_s3,baseline,0,21,73,0,0.0,45,0,1,0
baseline_n50_s3,baseline,0,22,73,0,0.0,71,0,1,0
baseline_n50_s3,baseline,0,23,1177,0,0.0,182,0,1,0
baseline_n50_s3,baseline,0,24,75,0,0.0,131,0,1,0
baseline_n50_s3,baseline,0,25,187,0,0.0,91,0,1,0
baseline_n50_s3,baseline,0,26,74,0,0.0,107,0,1,0
baseline_n50_s3,baseline,0,27,72,0,0.0,89,0,1,0
baseline_n50_s3,baseline,0,28,73,0,0.0,64,0,1,0
baseline_n50_s3,baseline,0,29,75,0,0.0,109,0,1,0
baseline_n50_s3,baseline,0,30,72,0,0.0,61,0,1,0
baseline_n50_s3,baseline,0,31,72,0,0.0,61,0,1,0
baseline_n50_s3,baseline,0,32,73,0,0.0,114,0,1,0
baseline_n50_s3,baseline,0,33,75,0,0.0,101,0,1,0
baseline_n50_s3,baseline,0,34,73,0,0.0,73,0,1,0
baseline_n50_s3,baseline,0,35,72,0,0.0,62,0,1,0
baseline_n50_s3,baseline,0,36,73,0,0.0,59,0,1,0
baseline_n50_s3,baseline,0,37,73,0,0.0,119,0,1,0
baseline_n50_s3,baseline,0,38,295,0,0.0,112,0,1,0
baseline_n50_s3,baseline,0,39,72,0,0.0,91,0,1,0
baseline_n50_s3,baseline,0,40,73,0,0.0,105,0,1,0
baseline_n50_s3,baseline,0,41,404,0,0.0,207,0,1,0
baseline_n50_s3,baseline,0,42,74,0,0.0,53,0,1,0
baseline_n50_s3,baseline,0,43,77,0,0.0,87,0,1,0
baseline_n50_s3,baseline,0,44,71,0,0.0,74,0,1,0
baseline_n50_s3,baseline,0,45,72,0,0.0,101,0,1,0
baseline_n50_s3,baseline,0,46,294,0,0.0,90,0,1,0
baseline_n50_s3,baseline,0,47,73,0,0.0,106,0,1,0
baseline_n50_s3,baseline,0,48,74,0,0.0,28,0,1,0
baseline_n50_s3,baseline,0,49,73,0,0.0,71,0,1,0
baseline_n50_s3,baseline,0,50,75,0,0.0,95,0,1,0
baseline_n50_s3,baseline,0,51,292,0,0.0,94,0,1,0
attack_n20_s1_d30,attack,30,1,1065,0,0.0,94,20,0,0
attack_n20_s1_d30,attack,30,2,76,0,0.0,28,0,1,0
attack_n20_s1_d30,attack,30,3,287,0,0.0,54,0,1,0
attack_n20_s1_d30,attack,30,4,399,0,0.0,79,0,1,0
attack_n20_s1_d30,attack,30,5,74,0,0.0,24,0,1,0
attack_n20_s1_d30,attack,30,6,72,0,0.0,21,0,1,0
attack_n20_s1_d30,attack,30,7,188,0,0.0,47,0,1,0
attack_n20_s1_d30,attack,30,8,69,0,0.0,17,0,1,0
attack_n20_s1_d30,attack,30,9,295,0,0.0,65,0,1,0
attack_n20_s1_d30,attack,30,12,70,0,0.0,21,0,1,0
attack_n20_s1_d30,attack,30,14,72,0,0.0,26,0,1,0
attack_n20_s1_d30,attack,30,15,74,0,0.0,33,0,1,0
attack_n20_s1_d30,attack,30,16,75,0,0.0,36,0,1,0
attack_n20_s1_d30,attack,30,17,74,0,0.0,61,0,1,0
attack_n20_s1_d30,attack,30,18,247,0,0.0,48,0,1,0
attack_n20_s1_d30,attack,30,19,74,0,0.0,57,0,1,0
attack_n20_s1_d30,attack,30,20,74,0,0.0,53,0,1,0
attack_n20_s1_d30,attack,30,21,582,0,0.0,77,0,1,0
attack_n20_s1_d30,attack,30,10,70,24,0.34285714285714286,23,0,1,1
attack_n20_s1_d30,attack,30,11,76,20,0.2631578947368421,46,0,1,1
attack_n20_s1_d30,attack,30,13,73,23,0.3150684931506849,58,0,1,1
baseline_n100_s4,baseline,0,1,5593,0,0.0,294,114,0,0
baseline_n100_s4,baseline,0,2,73,0,0.0,162,0,1,0
baseline_n100_s4,baseline,0,3,73,0,0.0,167,0,1,0
baseline_n100_s4,baseline,0,4,75,0,0.0,131,0,2,0
baseline_n100_s4,baseline,0,5,74,0,0.0,183,0,1,0
baseline_n100_s4,baseline,0,6,79,0,0.0,211,0,2,0
baseline_n100_s4,baseline,0,7,76,0,0.0,196,0,1,0
baseline_n100_s4,baseline,0,8,184,0,0.0,163,0,1,0
baseline_n100_s4,baseline,0,9,75,0,0.0,75,0,1,0
baseline_n100_s4,baseline,0,10,73,0,0.0,176,0,1,0
baseline_n100_s4,baseline,0,11,74,0,0.0,163,0,1,0
baseline_n100_s4,baseline,0,12,74,0,0.0,196,0,1,0
baseline_n100_s4,baseline,0,13,73,0,0.0,172,0,1,0
baseline_n100_s4,baseline,0,14,72,0,0.0,129,0,1,0
baseline_n100_s4,baseline,0,15,73,0,0.0,231,0,1,0
baseline_n100_s4,baseline,0,16,75,0,0.0,207,0,1,0
baseline_n100_s4,baseline,0,17,71,0,0.0,174,0,1,0
baseline_n100_s4,baseline,0,18,70,0,0.0,155,0,1,0
baseline_n100_s4,baseline,0,19,290,0,0.0,212,0,1,0
baseline_n100_s4,baseline,0,20,73,0,0.0,187,0,1,0
baseline_n100_s4,baseline,0,21,74,0,0.0,173,0,1,0
baseline_n100_s4,baseline,0,22,74,0,0.0,206,0,1,0
baseline_n100_s4,baseline,0,23,75,0,0.0,227,0,1,0
baseline_n100_s4,baseline,0,24,73,0,0.0,184,0,1,0
baseline_n100_s4,baseline,0,25,72,0,0.0,110,0,1,0
baseline_n100_s4,baseline,0,26,74,0,0.0,124,0,1,0
baseline_n100_s4,baseline,0,27,129,0,0.0,190,0,1,0
baseline_n100_s4,baseline,0,28,74,0,0.0,198,0,1,0
baseline_n100_s4,baseline,0,29,72,0,0.0,132,0,1,0
baseline_n100_s4,baseline,0,30,509,0,0.0,230,0,1,0
baseline_n100_s4,baseline,0,31,75,0,0.0,201,0,1,0
baseline_n100_s4,baseline,0,32,74,0,0.0,168,0,1,0
baseline_n100_s4,baseline,0,33,74,0,0.0,172,0,1,0
baseline_n100_s4,baseline,0,34,74,0,0.0,131,0,1,0
baseline_n100_s4,baseline,0,35,73,0,0.0,153,0,1,0
baseline_n100_s4,baseline,0,36,75,0,0.0,242,0,1,0
baseline_n100_s4,baseline,0,37,75,0,0.0,268,0,1,0
baseline_n100_s4,baseline,0,38,74,0,0.0,186,0,1,0
baseline_n100_s4,baseline,0,39,73,0,0.0,110,0,1,0
baseline_n100_s4,baseline,0,40,73,0,0.0,117,0,1,0
baseline_n100_s4,baseline,0,41,73,0,0.0,147,0,1,0
baseline_n100_s4,baseline,0,42,70,0,0.0,138,0,1,0
baseline_n100_s4,baseline,0,43,75,0,0.0,181,0,1,0
baseline_n100_s4,baseline,0,44,73,0,0.0,103,0,1,0
baseline_n100_s4,baseline,0,45,1276,0,0.0,230,0,1,0
baseline_n100_s4,baseline,0,46,73,0,0.0,211,0,1,0
baseline_n100_s4,baseline,0,47,74,0,0.0,156,0,1,0
baseline_n100_s4,baseline,0,48,76,0,0.0,76,0,1,0
baseline_n100_s4,baseline,0,49,71,0,0.0,130,0,1,0
baseline_n100_s4,baseline,0,50,71,0,0.0,141,0,1,0
baseline_n100_s4,baseline,0,51,1379,0,0.0,301,0,1,0
baseline_n100_s4,baseline,0,52,72,0,0.0,162,0,1,0
baseline_n100_s4,baseline,0,53,72,0,0.0,168,0,1,0
baseline_n100_s4,baseline,0,54,73,0,0.0,139,0,1,0
baseline_n100_s4,baseline,0,55,70,0,0.0,140,0,1,0
baseline_n100_s4,baseline,0,56,74,0,0.0,173,0,1,0
baseline_n100_s4,baseline,0,57,70,0,0.0,122,0,1,0
baseline_n100_s4,baseline,0,58,73,0,0.0,55,0,1,0
baseline_n100_s4,baseline,0,59,73,0,0.0,126,0,1,0
baseline_n100_s4,baseline,0,60,293,0,0.0,261,0,1,0
baseline_n100_s4,baseline,0,61,74,0,0.0,162,0,1,0
baseline_n100_s4,baseline,0,62,2444,0,0.0,285,0,1,0
baseline_n100_s4,baseline,0,63,74,0,0.0,128,0,1,0
baseline_n100_s4,baseline,0,64,71,0,0.0,90,0,1,0
baseline_n100_s4,baseline,0,65,184,0,0.0,230,0,1,0
baseline_n100_s4,baseline,0,66,72,0,0.0,133,0,1,0
baseline_n100_s4,baseline,0,67,73,0,0.0,201,0,1,0
baseline_n100_s4,baseline,0,68,73,0,0.0,91,0,1,0
baseline_n100_s4,baseline,0,69,72,0,0.0,126,0,1,0
baseline_n100_s4,baseline,0,70,70,0,0.0,183,0,1,0
baseline_n100_s4,baseline,0,71,79,0,0.0,175,0,2,0
baseline_n100_s4,baseline,0,72,74,0,0.0,202,0,1,0
baseline_n100_s4,baseline,0,73,76,0,0.0,189,0,2,0
baseline_n100_s4,baseline,0,74,73,0,0.0,163,0,1,0
baseline_n100_s4,baseline,0,75,71,0,0.0,97,0,1,0
baseline_n100_s4,baseline,0,76,75,0,0.0,138,0,1,0
baseline_n100_s4,baseline,0,77,949,0,0.0,225,0,1,0
baseline_n100_s4,baseline,0,78,75,0,0.0,247,0,1,0
baseline_n100_s4,baseline,0,79,621,0,0.0,282,0,1,0
baseline_n100_s4,baseline,0,80,76,0,0.0,253,0,1,0
baseline_n100_s4,baseline,0,81,72,0,0.0,69,0,1,0
baseline_n100_s4,baseline,0,82,74,0,0.0,105,0,1,0
baseline_n100_s4,baseline,0,83,73,0,0.0,95,0,1,0
baseline_n100_s4,baseline,0,84,74,0,0.0,145,0,1,0
baseline_n100_s4,baseline,0,85,75,0,0.0,128,0,1,0
baseline_n100_s4,baseline,0,86,180,0,0.0,199,0,1,0
baseline_n100_s4,baseline,0,87,73,0,0.0,156,0,1,0
baseline_n100_s4,baseline,0,88,180,0,0.0,254,0,1,0
baseline_n100_s4,baseline,0,89,72,0,0.0,140,0,1,0
baseline_n100_s4,baseline,0,90,73,0,0.0,135,0,1,0
baseline_n100_s4,baseline,0,91,72,0,0.0,85,0,1,0
baseline_n100_s4,baseline,0,92,73,0,0.0,117,0,1,0
baseline_n100_s4,baseline,0,93,73,0,0.0,177,0,1,0
baseline_n100_s4,baseline,0,94,73,0,0.0,195,0,1,0
baseline_n100_s4,baseline,0,95,178,0,0.0,155,0,1,0
baseline_n100_s4,baseline,0,96,76,0,0.0,268,0,1,0
baseline_n100_s4,baseline,0,97,74,0,0.0,183,0,1,0
baseline_n100_s4,baseline,0,98,74,0,0.0,181,0,1,0
baseline_n100_s4,baseline,0,99,76,0,0.0,97,0,1,0
baseline_n100_s4,baseline,0,100,411,0,0.0,249,0,1,0
baseline_n100_s4,baseline,0,101,77,0,0.0,199,0,1,0
attack_n20_s4_d60,attack,60,1,1016,0,0.0,52,20,0,0
attack_n20_s4_d60,attack,60,2,76,0,0.0,51,0,1,0
attack_n20_s4_d60,attack,60,3,72,0,0.0,40,0,1,0
attack_n20_s4_d60,attack,60,4,72,0,0.0,21,0,1,0
attack_n20_s4_d60,attack,60,5,74,0,0.0,40,0,1,0
attack_n20_s4_d60,attack,60,6,73,0,0.0,45,0,1,0
attack_n20_s4_d60,attack,60,7,75,0,0.0,68,0,1,0
attack_n20_s4_d60,attack,60,8,72,0,0.0,40,0,1,0
attack_n20_s4_d60,attack,60,9,66,0,0.0,7,0,1,0
attack_n20_s4_d60,attack,60,12,181,0,0.0,47,0,1,0
attack_n20_s4_d60,attack,60,14,178,0,0.0,45,0,1,0
attack_n20_s4_d60,attack,60,15,287,0,0.0,41,0,1,0
attack_n20_s4_d60,attack,60,16,75,0,0.0,39,0,1,0
attack_n20_s4_d60,attack,60,17,69,0,0.0,15,0,1,0
attack_n20_s4_d60,attack,60,18,614,0,0.0,61,0,1,0
attack_n20_s4_d60,attack,60,19,840,0,0.0,88,0,1,0
attack_n20_s4_d60,attack,60,20,71,0,0.0,52,0,1,0
attack_n20_s4_d60,attack,60,21,73,0,0.0,28,0,1,0
attack_n20_s4_d60,attack,60,10,73,41,0.5616438356164384,68,0,1,1
attack_n20_s4_d60,attack,60,11,73,37,0.5068493150684932,38,0,1,1
attack_n20_s4_d60,attack,60,13,73,39,0.5342465753424658,46,0,1,1
attack_n100_s2_d90,attack,90,1,4693,0,0.0,295,111,0,0
attack_n100_s2_d90,attack,90,2,74,0,0.0,78,0,1,0
attack_n100_s2_d90,attack,90,3,74,0,0.0,130,0,1,0
attack_n100_s2_d90,attack,90,4,76,0,0.0,139,0,1,0
attack_n100_s2_d90,attack,90,5,1287,0,0.0,274,0,1,0
attack_n100_s2_d90,attack,90,8,75,0,0.0,222,0,1,0
attack_n100_s2_d90,attack,90,9,74,0,0.0,184,0,1,0
attack_n100_s2_d90,attack,90,11,83,0,0.0,234,0,1,0
attack_n100_s2_d90,attack,90,12,73,0,0.0,118,0,1,0
attack_n100_s2_d90,attack,90,13,72,0,0.0,111,0,1,0
attack_n100_s2_d90,attack,90,14,305,0,0.0,219,0,1,0
attack_n100_s2_d90,attack,90,15,77,0,0.0,128,0,1,0
attack_n100_s2_d90,attack,90,16,74,0,0.0,241,0,1,0
attack_n100_s2_d90,attack,90,17,75,0,0.0,117,0,1,0
attack_n100_s2_d90,attack,90,18,77,0,0.0,212,0,1,0
attack_n100_s2_d90,attack,90,19,80,0,0.0,149,0,2,0
attack_n100_s2_d90,attack,90,20,77,0,0.0,198,0,1,0
attack_n100_s2_d90,attack,90,21,73,0,0.0,97,0,1,0
attack_n100_s2_d90,attack,90,23,75,0,0.0,207,0,1,0
attack_n100_s2_d90,attack,90,24,73,0,0.0,130,0,1,0
attack_n100_s2_d90,attack,90,25,74,0,0.0,141,0,1,0
attack_n100_s2_d90,attack,90,26,76,0,0.0,178,0,1,0
attack_n100_s2_d90,attack,90,27,72,0,0.0,92,0,1,0
attack_n100_s2_d90,attack,90,28,72,0,0.0,112,0,1,0
attack_n100_s2_d90,attack,90,29,1512,0,0.0,258,0,1,0
attack_n100_s2_d90,attack,90,30,87,0,0.0,198,0,1,0
attack_n100_s2_d90,attack,90,31,75,0,0.0,120,0,1,0
attack_n100_s2_d90,attack,90,34,75,0,0.0,197,0,1,0
attack_n100_s2_d90,attack,90,35,181,0,0.0,103,0,1,0
attack_n100_s2_d90,attack,90,36,75,0,0.0,174,0,1,0
attack_n100_s2_d90,attack,90,37,73,0,0.0,132,0,1,0
attack_n100_s2_d90,attack,90,38,75,0,0.0,238,0,1,0
attack_n100_s2_d90,attack,90,40,521,0,0.0,287,0,1,0
attack_n100_s2_d90,attack,90,41,75,0,0.0,186,0,1,0
attack_n100_s2_d90,attack,90,42,73,0,0.0,135,0,1,0
attack_n100_s2_d90,attack,90,43,73,0,0.0,125,0,1,0
attack_n100_s2_d90,attack,90,44,73,0,0.0,102,0,1,0
attack_n100_s2_d90,attack,90,46,73,0,0.0,182,0,1,0
attack_n100_s2_d90,attack,90,48,295,0,0.0,238,0,1,0
attack_n100_s2_d90,attack,90,49,79,0,0.0,229,0,1,0
attack_n100_s2_d90,attack,90,51,76,0,0.0,114,0,1,0
attack_n100_s2_d90,attack,90,52,75,0,0.0,173,0,1,0
attack_n100_s2_d90,attack,90,53,73,0,0.0,138,0,1,0
attack_n100_s2_d90,attack,90,54,70,0,0.0,127,0,1,0
attack_n100_s2_d90,attack,90,55,71,0,0.0,125,0,1,0
attack_n100_s2_d90,attack,90,56,75,0,0.0,246,0,1,0
attack_n100_s2_d90,attack,90,57,72,0,0.0,104,0,1,0
attack_n100_s2_d90,attack,90,58,74,0,0.0,129,0,1,0
attack_n100_s2_d90,attack,90,59,74,0,0.0,151,0,1,0
attack_n100_s2_d90,attack,90,60,73,0,0.0,98,0,1,0
attack_n100_s2_d90,attack,90,61,1201,0,0.0,229,0,1,0
attack_n100_s2_d90,attack,90,62,79,0,0.0,147,0,1,0
attack_n100_s2_d90,attack,90,63,75,0,0.0,154,0,1,0
attack_n100_s2_d90,attack,90,64,71,0,0.0,58,0,1,0
attack_n100_s2_d90,attack,90,65,72,0,0.0,84,0,1,0
attack_n100_s2_d90,attack,90,66,77,0,0.0,147,0,1,0
attack_n100_s2_d90,attack,90,67,74,0,0.0,147,0,1,0
attack_n100_s2_d90,attack,90,68,73,0,0.0,134,0,1,0
attack_n100_s2_d90,attack,90,70,76,0,0.0,150,0,1,0
attack_n100_s2_d90,attack,90,71,72,0,0.0,96,0,1,0
attack_n100_s2_d90,attack,90,74,90,0,0.0,160,0,1,0
attack_n100_s2_d90,attack,90,75,74,0,0.0,219,0,1,0
attack_n100_s2_d90,attack,90,76,77,0,0.0,192,0,1,0
attack_n100_s2_d90,attack,90,77,75,0,0.0,127,0,1,0
attack_n100_s2_d90,attack,90,78,72,0,0.0,164,0,1,0
attack_n100_s2_d90,attack,90,80,74,0,0.0,119,0,1,0
attack_n100_s2_d90,attack,90,81,72,0,0.0,115,0,1,0
attack_n100_s2_d90,attack,90,82,79,0,0.0,206,0,1,0
attack_n100_s2_d90,attack,90,83,185,0,0.0,233,0,1,0
attack_n100_s2_d90,attack,90,84,73,0,0.0,141,0,1,0
attack_n100_s2_d90,attack,90,85,75,0,0.0,115,0,2,0
attack_n100_s2_d90,attack,90,88,76,0,0.0,207,0,1,0
attack_n100_s2_d90,attack,90,89,212,0,0.0,195,0,1,0
attack_n100_s2_d90,attack,90,90,75,0,0.0,116,0,1,0
attack_n100_s2_d90,attack,90,91,84,0,0.0,200,0,1,0
attack_n100_s2_d90,attack,90,92,72,0,0.0,117,0,1,0
attack_n100_s2_d90,attack,90,93,76,0,0.0,129,0,1,0
attack_n100_s2_d90,attack,90,94,74,0,0.0,141,0,1,0
attack_n100_s2_d90,attack,90,96,71,0,0.0,128,0,1,0
attack_n100_s2_d90,attack,90,98,73,0,0.0,103,0,1,0
attack_n100_s2_d90,attack,90,99,72,0,0.0,82,0,1,0
attack_n100_s2_d90,attack,90,100,1438,0,0.0,283,0,1,0
attack_n100_s2_d90,attack,90,101,177,0,0.0,229,0,1,0
attack_n100_s2_d90,attack,90,6,81,75,0.9259259259259259,178,0,3,1
attack_n100_s2_d90,attack,90,7,81,68,0.8395061728395061,206,0,3,1
attack_n100_s2_d90,attack,90,10,74,60,0.8108108108108109,205,0,1,1
attack_n100_s2_d90,attack,90,22,82,70,0.8536585365853658,115,0,3,1
attack_n100_s2_d90,attack,90,32,78,69,0.8846153846153846,179,0,1,1
attack_n100_s2_d90,attack,90,33,83,71,0.8554216867469879,197,0,5,1
attack_n100_s2_d90,attack,90,39,100,94,0.94,178,0,11,1
attack_n100_s2_d90,attack,90,45,97,89,0.9175257731958762,208,0,11,1
attack_n100_s2_d90,attack,90,47,81,76,0.9382716049382716,208,0,3,1
attack_n100_s2_d90,attack,90,50,84,75,0.8928571428571429,192,0,3,1
attack_n100_s2_d90,attack,90,69,74,64,0.8648648648648649,113,0,1,1
attack_n100_s2_d90,attack,90,72,75,65,0.8666666666666667,109,0,1,1
attack_n100_s2_d90,attack,90,73,75,70,0.9333333333333333,200,0,1,1
attack_n100_s2_d90,attack,90,79,74,67,0.9054054054054054,169,0,1,1
attack_n100_s2_d90,attack,90,86,83,72,0.8674698795180723,206,0,4,1
attack_n100_s2_d90,attack,90,87,87,78,0.896551724137931,180,0,8,1
attack_n100_s2_d90,attack,90,95,75,65,0.8666666666666667,210,0,1,1
attack_n100_s2_d90,attack,90,97,75,65,0.8666666666666667,118,0,1,1
